horse_id,horse_name,日付,開催,天氣,R,レース名,頭数,gate,馬番,オッズ,popularity,rank_num,jockey_id,jockey_name,weight_carried,距離,馬場,タイム,着差,通過,ペース,上り,馬體重,性齢,父系,母父系,sex_code,age,sire_line,weight_val,avg_rank_3
2019102632,セイウンハーデス,2022/10/23,4阪神7,晴,11,菊花賞(GI),18,5,10,61.1,12,17,00732,幸英明,57,芝3000,良,3:07.6,5.2,1-1-1-2,34.9-37.0,42.2,466(-8),牡7歳,シルバーステート2013 青鹿毛[血統][産駒]Halo系,サンデーサイレンスSunday Silence(米)1986 青鹿毛[血統][産駒],1,7,[産駒]Halo,466,5.3333333333333333
2019102632,セイウンハーデス,2023/04/09,2阪神6,晴,10,競馬法100周年記念(3勝クラス),16,6,12,4.4,2,1,00732,幸英明,57,芝2000,良,1:58.9,-0.2,3-3-5-5,37.0-34.9,34.5,480(+14),牡7歳,シルバーステート2013 青鹿毛[血統][産駒]Halo系,サンデーサイレンスSunday Silence(米)1986 青鹿毛[血統][産駒],1,7,[産駒]Halo,480,10.6666666666666667
2019102632,セイウンハーデス,2023/05/07,1新潟4,雨,11,新潟大賞典(GIII),16,3,6,4.8,2,2,01092,津村明秀,56,芝2000,,2:03.9,0.1,1-1,35.9-36.5,36.6,478(-2),牡7歳,シルバーステート2013 青鹿毛[血統][産駒]Halo系,サンデーサイレンスSunday Silence(米)1986 青鹿毛[血統][産駒],1,7,[産駒]Halo,478,7.3333333333333333
2019102632,セイウンハーデス,2023/07/09,2福島4,曇,11,七夕賞(GIII),16,8,15,5.2,2,1,00732,幸英明,57,芝2000,良,1:59.8,-0.2,3-4-2-2,35.5-35.0,34.9,476(-2),牡7歳,シルバーステート2013 青鹿毛[血統][産駒]Halo系,サンデーサイレンスSunday Silence(米)1986 青鹿毛[血統][産駒],1,7,[産駒]Halo,476,6.6666666666666667
2019102632,セイウンハーデス,2024/11/30,7京都1,晴,11,チャレンジC(GIII),15,6,11,16.5,9,5,00732,幸英明,57,芝2000,良,1:59.1,0.9,3-3-4-1,34.7-35.4,36.1,490(+14),牡7歳,シルバーステート2013 青鹿毛[血統][産駒]Halo系,サンデーサイレンスSunday Silence(米)1986 青鹿毛[血統][産駒],1,7,[産駒]Halo,490,1.3333333333333333
2019102632,セイウンハーデス,2025/02/16,1京都6,曇,11,京都記念(GII),12,8,11,8.4,4,8,00732,幸英明,57,芝2200,,2:16.5,0.8,2-2-2-2,37.0-34.6,35.4,488(-2),牡7歳,シルバーステート2013 青鹿毛[血統][産駒]Halo系,サンデーサイレンスSunday Silence(米)1986 青鹿毛[血統][産駒],1,7,[産駒]Halo,488,2.6666666666666667
2019102632,セイウンハーデス,2025/05/10,2東京5,曇,11,エプソムC(GIII),18,8,16,13.2,6,1,00732,幸英明,57,芝1800,,1:43.9,-0.3,6-8-8,34.2-35.1,34.3,482(-6),牡7歳,シルバーステート2013 青鹿毛[血統][産駒]Halo系,サンデーサイレンスSunday Silence(米)1986 青鹿毛[血統][産駒],1,7,[産駒]Halo,482,4.6666666666666667
2019102632,セイウンハーデス,2025/11/02,4東京11,曇,11,天皇賞(秋)(GI),14,7,12,27.7,10,7,01179,菅原明良,58,芝2000,良,1:59.0,0.4,9-12-11,37.1-32.9,32.4,472(-10),牡7歳,シルバーステート2013 青鹿毛[血統][産駒]Halo系,サンデーサイレンスSunday Silence(米)1986 青鹿毛[血統][産駒],1,7,[産駒]Halo,472,4.6666666666666667
2019102632,セイウンハーデス,2025/11/30,5東京8,晴,12,ジャパンC(GI),17,5,9,162.1,13,12,01092,津村明秀,58,芝2400,良,2:22.6,2.3,1-1-1-1,34.5-34.6,36.9,472(0),牡7歳,シルバーステート2013 青鹿毛[血統][産駒]Halo系,サンデーサイレンスSunday Silence(米)1986 青鹿毛[血統][産駒],1,7,[産駒]Halo,472,5.3333333333333333
2019102632,セイウンハーデス,2026/03/01,2中山2,晴,11,中山記念(GII),14,1,1,3.4,1,12,00732,幸英明,57,芝1800,良,1:45.9,0.8,1-1-1-1,36.3-34.4,35.2,474(+2),牡7歳,シルバーステート2013 青鹿毛[血統][産駒]Halo系,サンデーサイレンスSunday Silence(米)1986 青鹿毛[血統][産駒],1,7,[産駒]Halo,474,6.6666666666666667
2019102632,セイウンハーデス,2026/04/05,2阪神4,晴,11,大阪杯(GI),15,2,3,64.9,9,5,00732,幸英明,58,芝2000,良,1:58.0,0.4,3-4-3-4,34.9-35.5,35.3,474(0),牡7歳,シルバーステート2013 青鹿毛[血統][産駒]Halo系,サンデーサイレンスSunday Silence(米)1986 青鹿毛[血統][産駒],1,7,[産駒]Halo,474,10.3333333333333333
2019102632,セイウンハーデス,2021/12/05,6中京2,曇,9,こうやまき賞(1勝クラス),9,8,8,10.9,5,5,00732,幸英明,55,芝1600,良,1:35.6,0.3,3-4-4,36.3-35.2,35.2,472(+10),牡7歳,シルバーステート2013 青鹿毛[血統][産駒]Halo系,サンデーサイレンスSunday Silence(米)1986 青鹿毛[血統][産駒],1,7,[産駒]Halo,472,1.00000000000000000000
2019102632,セイウンハーデス,2022/02/13,1阪神2,雨,8,こぶし賞(1勝クラス),6,3,3,8.3,4,2,00732,幸英明,56,芝1600,,1:36.9,0.0,1-1,38.0-33.6,33.6,472(0),牡7歳,シルバーステート2013 青鹿毛[血統][産駒]Halo系,サンデーサイレンスSunday Silence(米)1986 青鹿毛[血統][産駒],1,7,[産駒]Halo,472,3.0000000000000000
2019102632,セイウンハーデス,2022/03/26,2阪神1,小雨,11,毎日杯(GIII),10,3,3,37.1,7,4,00732,幸英明,56,芝1800,,1:47.9,0.4,4-5,35.9-35.6,35.6,476(+4),牡7歳,シルバーステート2013 青鹿毛[血統][産駒]Halo系,サンデーサイレンスSunday Silence(米)1986 青鹿毛[血統][産駒],1,7,[産駒]Halo,476,2.6666666666666667
2019102632,セイウンハーデス,2022/05/07,2東京5,晴,11,プリンシパルS(L),15,4,8,10.1,6,1,00732,幸英明,56,芝2000,良,1:59.0,-0.1,4-5-3,35.7-34.8,34.5,468(-8),牡7歳,シルバーステート2013 青鹿毛[血統][産駒]Halo系,サンデーサイレンスSunday Silence(米)1986 青鹿毛[血統][産駒],1,7,[産駒]Halo,468,3.6666666666666667
2019102632,セイウンハーデス,2022/05/29,2東京12,晴,11,東京優駿(GI),18,1,2,150,16,11,00732,幸英明,57,芝2400,良,2:23.9,2.0,6-7-4-5,35.1-35.2,36.4,472(+4),牡7歳,シルバーステート2013 青鹿毛[血統][産駒]Halo系,サンデーサイレンスSunday Silence(米)1986 青鹿毛[血統][産駒],1,7,[産駒]Halo,472,2.3333333333333333
2019102632,セイウンハーデス,2022/09/19,4中山5,曇,11,朝日セントライト記念(GII),13,4,5,27.6,7,4,00732,幸英明,56,芝2200,,2:12.7,0.9,2-2-2-2,35.4-35.3,36.0,474(+2),牡7歳,シルバーステート2013 青鹿毛[血統][産駒]Halo系,サンデーサイレンスSunday Silence(米)1986 青鹿毛[血統][産駒],1,7,[産駒]Halo,474,5.3333333333333333
2019102632,セイウンハーデス,2021/10/31,4阪神8,曇,4,2歳新馬,16,6,11,2.6,1,1,00732,幸英明,55,芝1400,良,1:22.9,-0.2,2-2,35.1-35.7,35.5,462(0),牡7歳,シルバーステート2013 青鹿毛[血統][産駒]Halo系,サンデーサイレンスSunday Silence(米)1986 青鹿毛[血統][産駒],1,7,[産駒]Halo,462,4.7351598173515982
2019105346,ジャスティンパレス,2024/03/30,メイダン,,,ドバイシーマC(GI),12,,2,7.6,4,4,05509,モレイラ,57,芝2410,良,,,,,,,未知,ディープインパクト2002 鹿毛[血統][産駒]Halo系,Halo1969 黒鹿毛[血統][産駒],0,,[産駒]Halo,,3.0000000000000000
2019105346,ジャスティンパレス,2023/10/29,4東京9,晴,11,天皇賞(秋)(GI),11,6,6,35.1,6,2,01170,横山武史,58,芝2000,良,1:55.6,0.4,10-10-10,34.9-34.7,33.7,468(-2),未知,ディープインパクト2002 鹿毛[血統][産駒]Halo系,Halo1969 黒鹿毛[血統][産駒],0,,[産駒]Halo,468,1.6666666666666667
2019105346,ジャスティンパレス,2021/11/14,5阪神4,晴,9,黄菊賞(1勝クラス),6,1,1,1.9,1,1,05339,ルメール,55,芝2000,良,2:03.3,-0.1,2-2-2-2,38.5-34.7,34.6,450(+6),未知,ディープインパクト2002 鹿毛[血統][産駒]Halo系,Halo1969 黒鹿毛[血統][産駒],0,,[産駒]Halo,450,1.00000000000000000000
2019105346,ジャスティンパレス,2021/12/28,5中山9,晴,11,ホープフルS(GI),15,5,8,8.8,4,2,05473,Ｃ．デム,55,芝2000,良,2:00.8,0.2,5-5-5-5,35.9-36.3,35.7,450(0),未知,ディープインパクト2002 鹿毛[血統][産駒]Halo系,Halo1969 黒鹿毛[血統][産駒],0,,[産駒]Halo,450,1.00000000000000000000
2019105346,ジャスティンパレス,2022/04/17,3中山8,曇,11,皐月賞(GI),18,5,10,20.9,9,9,05212,Ｍ．デム,57,芝2000,良,2:00.5,0.8,17-17-14-12,35.2-34.9,34.5,458(+8),未知,ディープインパクト2002 鹿毛[血統][産駒]Halo系,Halo1969 黒鹿毛[血統][産駒],0,,[産駒]Halo,458,1.3333333333333333
2019105346,ジャスティンパレス,2022/05/29,2東京12,晴,11,東京優駿(GI),18,5,9,43.1,10,9,05212,Ｍ．デム,57,芝2400,良,2:23.2,1.3,6-8-8-8,35.1-35.2,35.4,448(-10),未知,ディープインパクト2002 鹿毛[血統][産駒]Halo系,Halo1969 黒鹿毛[血統][産駒],0,,[産駒]Halo,448,4.0000000000000000
2019105346,ジャスティンパレス,2022/09/25,5中京7,晴,11,神戸新聞杯(GII),17,4,7,11,5,1,01157,鮫島克駿,56,芝2200,良,2:11.1,-0.6,4-5-4-3,34.7-34.7,34.4,452(+4),未知,ディープインパクト2002 鹿毛[血統][産駒]Halo系,Halo1969 黒鹿毛[血統][産駒],0,,[産駒]Halo,452,6.6666666666666667
2019105346,ジャスティンパレス,2022/10/23,4阪神7,晴,11,菊花賞(GI),18,8,17,9.7,4,3,01157,鮫島克駿,57,芝3000,良,3:02.5,0.1,8-6-6-4,34.9-37.0,36.5,452(0),未知,ディープインパクト2002 鹿毛[血統][産駒]Halo系,Halo1969 黒鹿毛[血統][産駒],0,,[産駒]Halo,452,6.3333333333333333
2019105346,ジャスティンパレス,2023/03/19,1阪神12,晴,11,阪神大賞典(GII),14,3,3,3.1,2,1,05339,ルメール,57,芝3000,良,3:06.1,-0.3,3-3-2-2,38.6-34.4,34.2,472(+16),未知,ディープインパクト2002 鹿毛[血統][産駒]Halo系,Halo1969 黒鹿毛[血統][産駒],0,,[産駒]Halo,472,3.6666666666666667
2019105346,ジャスティンパレス,2023/04/30,1京都4,曇,11,天皇賞(春)(GI),17,1,1,4.3,2,1,05339,ルメール,58,芝3200,,3:16.1,-0.4,8-7-7-4,35.0-35.3,34.9,472(0),未知,ディープインパクト2002 鹿毛[血統][産駒]Halo系,Halo1969 黒鹿毛[血統][産駒],0,,[産駒]Halo,472,3.6666666666666667
2019105346,ジャスティンパレス,2023/06/25,3阪神8,曇,11,宝塚記念(GI),17,5,9,8.5,2,3,01157,鮫島克駿,58,芝2200,良,2:11.4,0.2,12-13-11-9,34.0-35.5,35.1,470(-2),未知,ディープインパクト2002 鹿毛[血統][産駒]Halo系,Halo1969 黒鹿毛[血統][産駒],0,,[産駒]Halo,470,3.0000000000000000
2019105346,ジャスティンパレス,2023/12/24,5中山8,晴,11,有馬記念(GI),16,5,10,3.6,1,4,01170,横山武史,58,芝2500,良,2:31.2,0.3,16-16-12-9,30.2-35.9,34.4,474(+6),未知,ディープインパクト2002 鹿毛[血統][産駒]Halo系,Halo1969 黒鹿毛[血統][産駒],0,,[産駒]Halo,474,2.0000000000000000
2019105346,ジャスティンパレス,2024/06/23,4京都8,曇,11,宝塚記念(GI),13,2,2,3.7,2,10,05339,ルメール,58,芝2200,重,2:13.6,1.6,7-7-5-5,35.6-34.5,35.9,472(0),未知,ディープインパクト2002 鹿毛[血統][産駒]Halo系,Halo1969 黒鹿毛[血統][産駒],0,,[産駒]Halo,472,3.3333333333333333
2019105346,ジャスティンパレス,2024/10/27,4東京8,曇,11,天皇賞(秋)(GI),15,6,11,15,6,4,01163,坂井瑠星,58,芝2000,良,1:57.6,0.3,12-11-11,35.9-33.7,33.0,470(-2),未知,ディープインパクト2002 鹿毛[血統][産駒]Halo系,Halo1969 黒鹿毛[血統][産駒],0,,[産駒]Halo,470,6.0000000000000000
2019105346,ジャスティンパレス,2024/11/24,5東京8,晴,12,ジャパンC(GI),14,3,4,6.2,3,5,05473,Ｃ．デム,58,芝2400,良,2:26.0,0.5,7-7-7-7,37.1-33.4,33.3,468(-2),未知,ディープインパクト2002 鹿毛[血統][産駒]Halo系,Halo1969 黒鹿毛[血統][産駒],0,,[産駒]Halo,468,6.0000000000000000
2019105346,ジャスティンパレス,2024/12/22,5中山8,晴,11,有馬記念(GI),15,6,11,10.9,4,5,01163,坂井瑠星,58,芝2500,良,2:32.3,0.5,9-9-11-10,31.4-35.2,35.1,468(0),未知,ディープインパクト2002 鹿毛[血統][産駒]Halo系,Halo1969 黒鹿毛[血統][産駒],0,,[産駒]Halo,468,6.3333333333333333
2019105346,ジャスティンパレス,2025/04/06,2阪神4,晴,11,大阪杯(GI),15,4,6,10.4,6,6,01157,鮫島克駿,58,芝2000,良,1:56.6,0.4,7-7-7-6,34.9-35.1,34.2,474(+6),未知,ディープインパクト2002 鹿毛[血統][産駒]Halo系,Halo1969 黒鹿毛[血統][産駒],0,,[産駒]Halo,474,4.6666666666666667
2019105346,ジャスティンパレス,2025/05/04,2京都4,晴,11,天皇賞(春)(GI),15,7,13,4.9,3,6,01157,鮫島克駿,58,芝3200,良,3:15.1,1.1,12-12-3-3,36.4-35.7,36.6,474(0),未知,ディープインパクト2002 鹿毛[血統][産駒]Halo系,Halo1969 黒鹿毛[血統][産駒],0,,[産駒]Halo,474,5.3333333333333333
2019105346,ジャスティンパレス,2025/06/15,3阪神4,晴,11,宝塚記念(GI),17,4,7,31.5,10,3,05674,ディー,58,芝2200,,2:11.6,0.5,14-14-15-14,34.8-36.0,35.1,470(-4),未知,ディープインパクト2002 鹿毛[血統][産駒]Halo系,Halo1969 黒鹿毛[血統][産駒],0,,[産駒]Halo,470,5.6666666666666667
2019105346,ジャスティンパレス,2025/11/02,4東京11,曇,11,天皇賞(秋)(GI),14,3,3,20.4,8,3,01180,団野大成,58,芝2000,良,1:58.8,0.2,4-6-6,37.1-32.9,32.6,470(0),未知,ディープインパクト2002 鹿毛[血統][産駒]Halo系,Halo1969 黒鹿毛[血統][産駒],0,,[産駒]Halo,470,5.0000000000000000
2019105346,ジャスティンパレス,2025/11/30,5東京8,晴,12,ジャパンC(GI),17,1,1,12.2,5,5,05473,Ｃ．デム,58,芝2400,良,2:20.9,0.6,11-12-13-13,34.5-34.6,33.5,470(0),未知,ディープインパクト2002 鹿毛[血統][産駒]Halo系,Halo1969 黒鹿毛[血統][産駒],0,,[産駒]Halo,470,4.0000000000000000
2019105346,ジャスティンパレス,2025/12/28,5中山8,晴,11,有馬記念(GI),16,2,3,12.7,5,7,01180,団野大成,58,芝2500,良,2:32.1,0.6,15-16-11-12,29.7-35.6,35.2,472(+2),未知,ディープインパクト2002 鹿毛[血統][産駒]Halo系,Halo1969 黒鹿毛[血統][産駒],0,,[産駒]Halo,472,3.6666666666666667
2019105346,ジャスティンパレス,2022/12/25,5中山8,晴,11,有馬記念(GI),16,5,10,18.9,7,7,05626,マーカン,55,芝2500,良,2:33.5,1.1,3-3-4-5,30.0-35.9,36.6,456(+4),未知,ディープインパクト2002 鹿毛[血統][産駒]Halo系,Halo1969 黒鹿毛[血統][産駒],0,,[産駒]Halo,456,4.3333333333333333
2019105346,ジャスティンパレス,2021/09/12,5中京2,曇,5,2歳新馬,5,4,4,1.5,1,1,05339,ルメール,54,芝2000,良,2:02.3,-0.3,2-2-2-2,38.2-34.4,34.3,444(0),未知,ディープインパクト2002 鹿毛[血統][産駒]Halo系,Halo1969 黒鹿毛[血統][産駒],0,,[産駒]Halo,444,4.7351598173515982
2020102899,ソールオリエンス,2023/01/15,1中山6,曇,11,京成杯(GIII),9,4,4,2.7,2,1,01170,横山武史,56,芝2000,良,2:02.2,-0.4,5-5-5-5,37.6-35.4,34.5,462(+2),未知,キタサンブラック2012 鹿毛[血統][産駒]Halo系,サンデーサイレンスSunday Silence(米)1986 青鹿毛[血統][産駒],0,,[産駒]Halo,462,1.00000000000000000000
2020102899,ソールオリエンス,2023/04/16,3中山8,晴,11,皐月賞(GI),18,1,1,5.2,2,1,01170,横山武史,57,芝2000,重,2:00.6,-0.2,15-15-15-17,35.1-37.2,35.5,462(0),未知,キタサンブラック2012 鹿毛[血統][産駒]Halo系,サンデーサイレンスSunday Silence(米)1986 青鹿毛[血統][産駒],0,,[産駒]Halo,462,1.00000000000000000000
2020102899,ソールオリエンス,2023/05/28,2東京12,晴,11,東京優駿(GI),18,3,5,1.8,1,2,01170,横山武史,57,芝2400,良,2:25.2,0.0,6-6-6-6,35.3-35.3,33.3,460(-2),未知,キタサンブラック2012 鹿毛[血統][産駒]Halo系,サンデーサイレンスSunday Silence(米)1986 青鹿毛[血統][産駒],0,,[産駒]Halo,460,1.00000000000000000000
2020102899,ソールオリエンス,2023/10/22,2京都7,晴,11,菊花賞(GI),17,7,14,2.7,1,3,01170,横山武史,57,芝3000,良,3:04.0,0.9,11-12-12-8,35.5-34.9,35.1,464(+4),未知,キタサンブラック2012 鹿毛[血統][産駒]Halo系,サンデーサイレンスSunday Silence(米)1986 青鹿毛[血統][産駒],0,,[産駒]Halo,464,1.6666666666666667
2020102899,ソールオリエンス,2023/12/24,5中山8,晴,11,有馬記念(GI),16,1,1,6.5,4,8,01088,川田将雅,56,芝2500,良,2:31.6,0.7,10-10-12-12,30.2-35.9,34.8,466(+2),未知,キタサンブラック2012 鹿毛[血統][産駒]Halo系,サンデーサイレンスSunday Silence(米)1986 青鹿毛[血統][産駒],0,,[産駒]Halo,466,2.3333333333333333
2020102899,ソールオリエンス,2024/02/25,2中山2,小雨,11,中山記念(GII),16,2,3,3.4,1,4,01075,田辺裕信,58,芝1800,,1:48.6,0.5,11-12-13-12,35.6-37.6,36.4,466(0),未知,キタサンブラック2012 鹿毛[血統][産駒]Halo系,サンデーサイレンスSunday Silence(米)1986 青鹿毛[血統][産駒],0,,[産駒]Halo,466,4.3333333333333333
2020102899,ソールオリエンス,2024/03/31,2阪神4,晴,11,大阪杯(GI),16,5,10,8.2,5,7,01170,横山武史,58,芝2000,良,1:58.7,0.5,9-10-4-4,35.8-35.0,35.1,456(-10),未知,キタサンブラック2012 鹿毛[血統][産駒]Halo系,サンデーサイレンスSunday Silence(米)1986 青鹿毛[血統][産駒],0,,[産駒]Halo,456,5.0000000000000000
2020102899,ソールオリエンス,2024/06/23,4京都8,曇,11,宝塚記念(GI),13,6,9,16.9,7,2,01170,横山武史,58,芝2200,重,2:12.3,0.3,7-7-12-11,35.6-34.5,34.0,460(+4),未知,キタサンブラック2012 鹿毛[血統][産駒]Halo系,サンデーサイレンスSunday Silence(米)1986 青鹿毛[血統][産駒],0,,[産駒]Halo,460,6.3333333333333333
2020102899,ソールオリエンス,2024/10/27,4東京8,曇,11,天皇賞(秋)(GI),15,4,6,15.4,7,7,01170,横山武史,58,芝2000,良,1:57.7,0.4,8-8-8,35.9-33.7,33.3,468(+8),未知,キタサンブラック2012 鹿毛[血統][産駒]Halo系,サンデーサイレンスSunday Silence(米)1986 青鹿毛[血統][産駒],0,,[産駒]Halo,468,4.3333333333333333
2020102899,ソールオリエンス,2024/11/24,5東京8,晴,12,ジャパンC(GI),14,7,12,35.7,9,14,01170,横山武史,58,芝2400,良,2:27.7,2.2,2-2-4-4,37.1-33.4,35.2,476(+8),未知,キタサンブラック2012 鹿毛[血統][産駒]Halo系,サンデーサイレンスSunday Silence(米)1986 青鹿毛[血統][産駒],0,,[産駒]Halo,476,5.3333333333333333
2020102899,ソールオリエンス,2025/02/16,1京都6,曇,11,京都記念(GII),12,4,4,4.7,2,5,01088,川田将雅,58,芝2200,,2:16.1,0.4,10-9-10-9,37.0-34.6,34.1,472(-4),未知,キタサンブラック2012 鹿毛[血統][産駒]Halo系,サンデーサイレンスSunday Silence(米)1986 青鹿毛[血統][産駒],0,,[産駒]Halo,472,7.6666666666666667
2020102899,ソールオリエンス,2025/04/06,2阪神4,晴,11,大阪杯(GI),15,3,4,38,11,10,01126,松山弘平,58,芝2000,良,1:56.9,0.7,15-15-15-15,34.9-35.1,33.5,466(-6),未知,キタサンブラック2012 鹿毛[血統][産駒]Halo系,サンデーサイレンスSunday Silence(米)1986 青鹿毛[血統][産駒],0,,[産駒]Halo,466,8.6666666666666667
2020102899,ソールオリエンス,2025/06/15,3阪神4,晴,11,宝塚記念(GI),17,6,11,18.6,8,6,01126,松山弘平,58,芝2200,,2:12.1,1.0,17-17-17-16,34.8-36.0,35.2,468(+2),未知,キタサンブラック2012 鹿毛[血統][産駒]Halo系,サンデーサイレンスSunday Silence(米)1986 青鹿毛[血統][産駒],0,,[産駒]Halo,468,9.6666666666666667
2020102899,ソールオリエンス,2025/11/02,4東京11,曇,11,天皇賞(秋)(GI),14,3,4,50.3,12,14,01091,丹内祐次,58,芝2000,良,1:59.3,0.7,7-9-9,37.1-32.9,32.9,478(+10),未知,キタサンブラック2012 鹿毛[血統][産駒]Halo系,サンデーサイレンスSunday Silence(米)1986 青鹿毛[血統][産駒],0,,[産駒]Halo,478,7.0000000000000000
2020102899,ソールオリエンス,2023/09/18,4中山5,晴,11,朝日セントライト記念(GII),15,8,14,1.6,1,2,01170,横山武史,56,芝2200,良,2:11.7,0.3,10-10-9-9,35.2-34.4,34.0,460(0),未知,キタサンブラック2012 鹿毛[血統][産駒]Halo系,サンデーサイレンスSunday Silence(米)1986 青鹿毛[血統][産駒],0,,[産駒]Halo,460,1.3333333333333333
2020102899,ソールオリエンス,2022/11/13,5東京4,曇,5,2歳新馬,9,5,5,1.4,1,1,05386,戸崎圭太,55,芝1800,良,1:50.8,0.0,3-3-3,39.5-33.5,33.3,460(0),未知,キタサンブラック2012 鹿毛[血統][産駒]Halo系,サンデーサイレンスSunday Silence(米)1986 青鹿毛[血統][産駒],0,,[産駒]Halo,460,4.7351598173515982
2020103242,ブレイディヴェーグ,2025/04/05,メイダン,,,ドバイターフ(GI),11,,10,12.4,3,7,05339,ルメール,55,芝1800,良,,,,,12.4,,未知,ロードカナロア2008 鹿毛[血統][産駒]Mr. Prospector系,Kingmambo(米)1990 鹿毛[血統][産駒],0,,[産駒]Mr. Prospector,,3.0000000000000000
2020103242,ブレイディヴェーグ,2023/02/11,1東京5,晴,6,3歳未勝利,16,5,10,1.2,1,1,05339,ルメール,54,芝1800,,1:48.1,-1.0,3-2-2,37.0-33.5,33.3,462(-2),未知,ロードカナロア2008 鹿毛[血統][産駒]Mr. Prospector系,Kingmambo(米)1990 鹿毛[血統][産駒],0,,[産駒]Mr. Prospector,462,2.0000000000000000
2020103242,ブレイディヴェーグ,2023/06/25,3東京8,晴,7,3歳以上1勝クラス,11,7,8,1.4,1,1,05386,戸崎圭太,53,芝2000,良,1:57.9,-0.5,6-6-6,35.1-34.2,33.6,466(+4),未知,ロードカナロア2008 鹿毛[血統][産駒]Mr. Prospector系,Kingmambo(米)1990 鹿毛[血統][産駒],0,,[産駒]Mr. Prospector,466,1.5000000000000000
2020103242,ブレイディヴェーグ,2023/09/17,4阪神4,晴,11,関西TVローズS(GII),17,3,5,2.1,1,2,05339,ルメール,54,芝1800,良,1:43.2,0.2,13-13,34.4-34.0,32.9,460(-6),未知,ロードカナロア2008 鹿毛[血統][産駒]Mr. Prospector系,Kingmambo(米)1990 鹿毛[血統][産駒],0,,[産駒]Mr. Prospector,460,1.3333333333333333
2020103242,ブレイディヴェーグ,2023/11/12,3京都4,曇,11,エリザベス女王杯(GI),15,1,1,2.4,1,1,05339,ルメール,54,芝2200,良,2:12.6,-0.1,5-5-5-5,36.5-35.1,34.4,460(0),未知,ロードカナロア2008 鹿毛[血統][産駒]Mr. Prospector系,Kingmambo(米)1990 鹿毛[血統][産駒],0,,[産駒]Mr. Prospector,460,1.3333333333333333
2020103242,ブレイディヴェーグ,2024/10/14,4東京4,晴,11,アイルランド府中牝馬(GII),15,3,5,3.6,2,1,05339,ルメール,57,芝1800,良,1:44.7,-0.2,10-10-10,35.1-34.1,32.8,472(+12),未知,ロードカナロア2008 鹿毛[血統][産駒]Mr. Prospector系,Kingmambo(米)1990 鹿毛[血統][産駒],0,,[産駒]Mr. Prospector,472,1.3333333333333333
2020103242,ブレイディヴェーグ,2024/11/17,6京都6,曇,11,マイルチャンピオンS(GI),17,1,2,3.7,1,4,05339,ルメール,56,芝1600,良,1:32.4,0.4,9-10,33.8-34.5,34.1,468(-4),未知,ロードカナロア2008 鹿毛[血統][産駒]Mr. Prospector系,Kingmambo(米)1990 鹿毛[血統][産駒],0,,[産駒]Mr. Prospector,468,1.3333333333333333
2020103242,ブレイディヴェーグ,2025/06/08,3東京2,曇,11,安田記念(GI),18,8,18,9.4,4,4,05386,戸崎圭太,56,芝1600,良,1:33.0,0.3,8-8,35.0-34.3,34.1,470(0),未知,ロードカナロア2008 鹿毛[血統][産駒]Mr. Prospector系,Kingmambo(米)1990 鹿毛[血統][産駒],0,,[産駒]Mr. Prospector,470,5.0000000000000000
2020103242,ブレイディヴェーグ,2025/08/31,3新潟4,晴,11,新潟記念(GIII),16,1,1,4.7,3,6,01092,津村明秀,56,芝2000,良,1:58.3,0.3,5-5,35.6-33.2,33.1,476(+6),未知,ロードカナロア2008 鹿毛[血統][産駒]Mr. Prospector系,Kingmambo(米)1990 鹿毛[血統][産駒],0,,[産駒]Mr. Prospector,476,5.0000000000000000
2020103242,ブレイディヴェーグ,2025/11/02,4東京11,曇,11,天皇賞(秋)(GI),14,4,6,7.7,4,10,05386,戸崎圭太,56,芝2000,良,1:59.1,0.5,13-13-13,37.1-32.9,32.3,474(-2),未知,ロードカナロア2008 鹿毛[血統][産駒]Mr. Prospector系,Kingmambo(米)1990 鹿毛[血統][産駒],0,,[産駒]Mr. Prospector,474,5.6666666666666667
2020103242,ブレイディヴェーグ,2025/11/30,5東京8,晴,12,ジャパンC(GI),17,7,13,41.5,9,6,05626,マーカン,56,芝2400,良,2:21.0,0.7,15-15-16-16,34.5-34.6,33.4,474(0),未知,ロードカナロア2008 鹿毛[血統][産駒]Mr. Prospector系,Kingmambo(米)1990 鹿毛[血統][産駒],0,,[産駒]Mr. Prospector,474,6.6666666666666667
2020103242,ブレイディヴェーグ,2025/02/09,1東京4,晴,11,東京新聞杯(GIII),16,4,7,2.6,1,4,05339,ルメール,56,芝1600,良,1:32.8,0.2,9-8,34.6-34.9,33.6,482(+14),未知,ロードカナロア2008 鹿毛[血統][産駒]Mr. Prospector系,Kingmambo(米)1990 鹿毛[血統][産駒],0,,[産駒]Mr. Prospector,482,2.0000000000000000
2020103242,ブレイディヴェーグ,2022/08/21,3新潟4,晴,5,2歳新馬,13,4,4,2.2,1,2,01014,福永祐一,54,芝1800,,1:50.2,0.0,7-7,38.3-33.0,32.3,464(0),未知,ロードカナロア2008 鹿毛[血統][産駒]Mr. Prospector系,Kingmambo(米)1990 鹿毛[血統][産駒],0,,[産駒]Mr. Prospector,464,4.7351598173515982
2020103532,タスティエーラ,2025/04/27,シャティン,,,QE2世C(GI),11,,3,3.9,2,1,05585,レーン,57,芝2000,良,,,,,,,未知,サトノクラウン2012 黒鹿毛[血統][産駒]Northern Dancer系,ラストタイクーンLast Tycoon(愛)1983 黒鹿毛[血統][産駒],0,,[産駒]Northern Dancer,,4.0000000000000000
2020103532,タスティエーラ,2024/12/08,シャティン,,,香港C(GI),11,,4,8.2,3,3,05585,レーン,57,芝2000,良,,,,,,495,未知,サトノクラウン2012 黒鹿毛[血統][産駒]Northern Dancer系,ラストタイクーンLast Tycoon(愛)1983 黒鹿毛[血統][産駒],0,,[産駒]Northern Dancer,495,6.6666666666666667
2020103532,タスティエーラ,2023/02/12,1東京6,晴,11,共同通信杯(GIII),12,5,6,3.7,2,4,01014,福永祐一,56,芝1800,良,1:47.2,0.2,3-5-5,35.3-34.1,33.7,486(+2),未知,サトノクラウン2012 黒鹿毛[血統][産駒]Northern Dancer系,ラストタイクーンLast Tycoon(愛)1983 黒鹿毛[血統][産駒],0,,[産駒]Northern Dancer,486,1.00000000000000000000
2020103532,タスティエーラ,2023/03/05,2中山4,曇,11,報知弥生ディープ記念(GII),10,6,6,4.2,3,1,01126,松山弘平,56,芝2000,良,2:00.4,-0.2,3-4-3-2,35.9-35.0,34.7,484(-2),未知,サトノクラウン2012 黒鹿毛[血統][産駒]Northern Dancer系,ラストタイクーンLast Tycoon(愛)1983 黒鹿毛[血統][産駒],0,,[産駒]Northern Dancer,484,2.5000000000000000
2020103532,タスティエーラ,2023/04/16,3中山8,晴,11,皐月賞(GI),18,7,14,9,5,2,01126,松山弘平,57,芝2000,重,2:00.8,0.2,5-6-6-4,35.1-37.2,36.6,478(-6),未知,サトノクラウン2012 黒鹿毛[血統][産駒]Northern Dancer系,ラストタイクーンLast Tycoon(愛)1983 黒鹿毛[血統][産駒],0,,[産駒]Northern Dancer,478,2.0000000000000000
2020103532,タスティエーラ,2023/05/28,2東京12,晴,11,東京優駿(GI),18,6,12,8.3,4,1,05585,レーン,57,芝2400,良,2:25.2,0.0,4-4-4-4,35.3-35.3,33.5,478(0),未知,サトノクラウン2012 黒鹿毛[血統][産駒]Northern Dancer系,ラストタイクーンLast Tycoon(愛)1983 黒鹿毛[血統][産駒],0,,[産駒]Northern Dancer,478,2.3333333333333333
2020103532,タスティエーラ,2023/10/22,2京都7,晴,11,菊花賞(GI),17,4,7,4.7,2,2,05509,モレイラ,57,芝3000,良,3:03.7,0.6,9-11-9-8,35.5-34.9,34.8,480(+2),未知,サトノクラウン2012 黒鹿毛[血統][産駒]Northern Dancer系,ラストタイクーンLast Tycoon(愛)1983 黒鹿毛[血統][産駒],0,,[産駒]Northern Dancer,480,1.3333333333333333
2020103532,タスティエーラ,2023/12/24,5中山8,晴,11,有馬記念(GI),16,7,13,7.1,5,6,05366,ムーア,56,芝2500,良,2:31.5,0.6,9-9-8-9,30.2-35.9,34.9,498(+18),未知,サトノクラウン2012 黒鹿毛[血統][産駒]Northern Dancer系,ラストタイクーンLast Tycoon(愛)1983 黒鹿毛[血統][産駒],0,,[産駒]Northern Dancer,498,1.6666666666666667
2020103532,タスティエーラ,2024/03/31,2阪神4,晴,11,大阪杯(GI),16,2,3,4.4,1,11,01126,松山弘平,58,芝2000,良,1:58.9,0.7,4-3-4-4,35.8-35.0,35.4,494(-4),未知,サトノクラウン2012 黒鹿毛[血統][産駒]Northern Dancer系,ラストタイクーンLast Tycoon(愛)1983 黒鹿毛[血統][産駒],0,,[産駒]Northern Dancer,494,3.0000000000000000
2020103532,タスティエーラ,2024/04/28,3京都4,晴,11,天皇賞(春)(GI),17,4,7,7.9,4,7,05509,モレイラ,58,芝3200,良,3:15.0,0.8,9-9-8-7,36.6-35.3,35.4,488(-6),未知,サトノクラウン2012 黒鹿毛[血統][産駒]Northern Dancer系,ラストタイクーンLast Tycoon(愛)1983 黒鹿毛[血統][産駒],0,,[産駒]Northern Dancer,488,6.3333333333333333
2020103532,タスティエーラ,2024/10/27,4東京8,曇,11,天皇賞(秋)(GI),15,3,4,53.8,9,2,01126,松山弘平,58,芝2000,良,1:57.5,0.2,3-3-5,35.9-33.7,33.4,506(+18),未知,サトノクラウン2012 黒鹿毛[血統][産駒]Northern Dancer系,ラストタイクーンLast Tycoon(愛)1983 黒鹿毛[血統][産駒],0,,[産駒]Northern Dancer,506,8.0000000000000000
2020103532,タスティエーラ,2025/11/02,4東京11,曇,11,天皇賞(秋)(GI),14,4,5,6.6,2,8,05585,レーン,58,芝2000,良,1:59.0,0.4,4-5-5,37.1-32.9,33.0,508(+10),未知,サトノクラウン2012 黒鹿毛[血統][産駒]Northern Dancer系,ラストタイクーンLast Tycoon(愛)1983 黒鹿毛[血統][産駒],0,,[産駒]Northern Dancer,508,2.0000000000000000
2020103532,タスティエーラ,2025/12/28,5中山8,晴,11,有馬記念(GI),16,8,16,35.4,8,6,01126,松山弘平,58,芝2500,良,2:32.0,0.5,5-5-4-3,29.7-35.6,35.7,502(0),未知,サトノクラウン2012 黒鹿毛[血統][産駒]Northern Dancer系,ラストタイクーンLast Tycoon(愛)1983 黒鹿毛[血統][産駒],0,,[産駒]Northern Dancer,502,5.3333333333333333
2020103532,タスティエーラ,2025/11/30,5東京8,晴,12,ジャパンC(GI),17,8,18,17.4,6,7,05585,レーン,58,芝2400,良,2:21.1,0.8,6-6-7-6,34.5-34.6,34.4,502(-6),未知,サトノクラウン2012 黒鹿毛[血統][産駒]Northern Dancer系,ラストタイクーンLast Tycoon(愛)1983 黒鹿毛[血統][産駒],0,,[産駒]Northern Dancer,502,4.0000000000000000
2020103532,タスティエーラ,2022/11/27,5東京8,晴,6,2歳新馬,16,6,12,1.9,1,1,05366,ムーア,55,芝1800,良,1:47.2,-0.6,2-2-2,36.8-33.5,33.5,484(0),未知,サトノクラウン2012 黒鹿毛[血統][産駒]Northern Dancer系,ラストタイクーンLast Tycoon(愛)1983 黒鹿毛[血統][産駒],0,,[産駒]Northern Dancer,484,4.7351598173515982
2020103941,ホウオウビスケッツ,2023/02/18,1東京7,晴,9,フリージア賞(1勝クラス),10,6,6,26.5,7,1,01140,横山和生,56,芝2000,良,1:59.3,-0.3,1-1-1,36.5-34.3,34.3,496(+8),牡6歳,マインドユアビスケッツMind Your Biscuits(米)2013 栗毛[血統][産駒]Deputy Minister系,Silver Deputy1985 鹿毛[血統][産駒],1,6,[産駒]Deputy Minister,496,1.00000000000000000000
2020103941,ホウオウビスケッツ,2023/03/19,2中山8,晴,11,フジTVスプリングS(GII),16,5,10,5.5,3,2,01140,横山和生,56,芝1800,重,1:49.1,0.2,3-3-2-2,35.4-37.2,36.9,494(-2),牡6歳,マインドユアビスケッツMind Your Biscuits(米)2013 栗毛[血統][産駒]Deputy Minister系,Silver Deputy1985 鹿毛[血統][産駒],1,6,[産駒]Deputy Minister,494,1.00000000000000000000
2020103941,ホウオウビスケッツ,2023/04/16,3中山8,晴,11,皐月賞(GI),18,5,9,17.7,7,17,01140,横山和生,57,芝2000,重,2:03.7,3.1,5-6-6-4,35.1-37.2,39.6,494(0),牡6歳,マインドユアビスケッツMind Your Biscuits(米)2013 栗毛[血統][産駒]Deputy Minister系,Silver Deputy1985 鹿毛[血統][産駒],1,6,[産駒]Deputy Minister,494,1.3333333333333333
2020103941,ホウオウビスケッツ,2023/05/28,2東京12,晴,11,東京優駿(GI),18,2,3,287.2,16,6,01117,丸田恭介,57,芝2400,良,2:25.4,0.2,2-2-2-2,35.3-35.3,34.0,496(+2),牡6歳,マインドユアビスケッツMind Your Biscuits(米)2013 栗毛[血統][産駒]Deputy Minister系,Silver Deputy1985 鹿毛[血統][産駒],1,6,[産駒]Deputy Minister,496,6.6666666666666667
2020103941,ホウオウビスケッツ,2023/12/09,4中京3,晴,11,中日新聞杯(GIII),17,4,8,5,3,12,01117,丸田恭介,56,芝2000,良,1:59.7,0.9,1-1-2-1,34.7-34.8,35.7,504(+8),牡6歳,マインドユアビスケッツMind Your Biscuits(米)2013 栗毛[血統][産駒]Deputy Minister系,Silver Deputy1985 鹿毛[血統][産駒],1,6,[産駒]Deputy Minister,504,8.3333333333333333
2020103941,ホウオウビスケッツ,2024/02/04,1東京4,曇,11,東京新聞杯(GIII),16,4,8,35.3,8,3,05203,岩田康誠,57,芝1600,良,1:32.3,0.2,4-4,34.4-34.3,33.9,510(+6),牡6歳,マインドユアビスケッツMind Your Biscuits(米)2013 栗毛[血統][産駒]Deputy Minister系,Silver Deputy1985 鹿毛[血統][産駒],1,6,[産駒]Deputy Minister,510,11.6666666666666667
2020103941,ホウオウビスケッツ,2024/03/10,2中山6,晴,10,東風S(L),14,7,11,2.5,1,3,05203,岩田康誠,57,芝1600,良,1:33.7,0.3,2-2-2,34.6-35.8,35.6,516(+6),牡6歳,マインドユアビスケッツMind Your Biscuits(米)2013 栗毛[血統][産駒]Deputy Minister系,Silver Deputy1985 鹿毛[血統][産駒],1,6,[産駒]Deputy Minister,516,7.0000000000000000
2020103941,ホウオウビスケッツ,2024/06/30,1函館8,曇,11,巴賞(OP),16,5,9,4,2,1,05203,岩田康誠,57,芝1800,良,1:46.8,-0.3,1-1-1-1,35.4-35.1,35.1,510(-6),牡6歳,マインドユアビスケッツMind Your Biscuits(米)2013 栗毛[血統][産駒]Deputy Minister系,Silver Deputy1985 鹿毛[血統][産駒],1,6,[産駒]Deputy Minister,510,6.0000000000000000
2020103941,ホウオウビスケッツ,2024/07/14,1函館12,晴,11,函館記念(GIII),16,6,12,7.2,3,1,05203,岩田康誠,57.5,芝2000,良,1:59.2,-0.6,2-2-2-2,35.4-35.7,35.3,506(-4),牡6歳,マインドユアビスケッツMind Your Biscuits(米)2013 栗毛[血統][産駒]Deputy Minister系,Silver Deputy1985 鹿毛[血統][産駒],1,6,[産駒]Deputy Minister,506,2.3333333333333333
2020103941,ホウオウビスケッツ,2024/10/06,4東京2,曇,11,毎日王冠(GII),14,2,2,7.4,4,2,05203,岩田康誠,57,芝1800,良,1:45.2,0.1,1-1-1,35.3-33.7,33.8,502(-4),牡6歳,マインドユアビスケッツMind Your Biscuits(米)2013 栗毛[血統][産駒]Deputy Minister系,Silver Deputy1985 鹿毛[血統][産駒],1,6,[産駒]Deputy Minister,502,1.6666666666666667
2020103941,ホウオウビスケッツ,2024/10/27,4東京8,曇,11,天皇賞(秋)(GI),15,5,9,48.1,8,3,01174,岩田望来,58,芝2000,良,1:57.6,0.3,1-1-1,35.9-33.7,34.0,502(0),牡6歳,マインドユアビスケッツMind Your Biscuits(米)2013 栗毛[血統][産駒]Deputy Minister系,Silver Deputy1985 鹿毛[血統][産駒],1,6,[産駒]Deputy Minister,502,1.3333333333333333
2020103941,ホウオウビスケッツ,2025/01/05,1中山1,曇,11,日刊スポ賞中山金杯(GIII),18,8,18,4.6,2,9,05625,ドイル,59.5,芝2000,良,1:58.8,0.7,2-2-2-2,34.9-35.7,36.4,506(+4),牡6歳,マインドユアビスケッツMind Your Biscuits(米)2013 栗毛[血統][産駒]Deputy Minister系,Silver Deputy1985 鹿毛[血統][産駒],1,6,[産駒]Deputy Minister,506,2.0000000000000000
2020103941,ホウオウビスケッツ,2025/03/16,2中京2,小雨,11,東海テレビ杯金鯱賞(GII),10,2,2,3.1,1,2,05203,岩田康誠,57,芝2000,重,2:01.3,0.0,2-2-2-2,35.7-38.6,36.8,504(-2),牡6歳,マインドユアビスケッツMind Your Biscuits(米)2013 栗毛[血統][産駒]Deputy Minister系,Silver Deputy1985 鹿毛[血統][産駒],1,6,[産駒]Deputy Minister,504,4.6666666666666667
2020103941,ホウオウビスケッツ,2025/04/06,2阪神4,晴,11,大阪杯(GI),15,2,2,9.1,5,5,05203,岩田康誠,58,芝2000,良,1:56.6,0.4,2-2-2-2,34.9-35.1,34.8,502(-2),牡6歳,マインドユアビスケッツMind Your Biscuits(米)2013 栗毛[血統][産駒]Deputy Minister系,Silver Deputy1985 鹿毛[血統][産駒],1,6,[産駒]Deputy Minister,502,4.6666666666666667
2020103941,ホウオウビスケッツ,2025/08/17,1札幌8,曇,11,札幌記念(GII),16,3,5,3.7,1,7,05203,岩田康誠,58,芝2000,,2:02.3,0.8,3-3-3-3,36.1-36.9,37.1,514(+12),牡6歳,マインドユアビスケッツMind Your Biscuits(米)2013 栗毛[血統][産駒]Deputy Minister系,Silver Deputy1985 鹿毛[血統][産駒],1,6,[産駒]Deputy Minister,514,5.3333333333333333
2020103941,ホウオウビスケッツ,2025/11/30,5東京8,晴,12,ジャパンC(GI),17,3,6,166.8,14,16,05203,岩田康誠,58,芝2400,良,2:23.8,3.5,2-2-2-2,34.5-34.6,37.7,502(-2),牡6歳,マインドユアビスケッツMind Your Biscuits(米)2013 栗毛[血統][産駒]Deputy Minister系,Silver Deputy1985 鹿毛[血統][産駒],1,6,[産駒]Deputy Minister,502,7.3333333333333333
2020103941,ホウオウビスケッツ,2026/03/15,1中京2,晴,11,東海テレビ杯金鯱賞(GII),14,8,13,7.3,4,12,01174,岩田望来,57,芝2000,良,1:59.1,1.0,2-1-1-1,36.1-35.1,36.1,502(0),牡6歳,マインドユアビスケッツMind Your Biscuits(米)2013 栗毛[血統][産駒]Deputy Minister系,Silver Deputy1985 鹿毛[血統][産駒],1,6,[産駒]Deputy Minister,502,10.3333333333333333
2020103941,ホウオウビスケッツ,2026/04/08,川崎,晴,11,川崎記念(JpnI),11,4,4,10.5,5,11,01174,岩田望来,57,ダ2100,,2:18.7,4.1,3-3-7-8,30.9-38.4,41.9,512(+10),牡6歳,マインドユアビスケッツMind Your Biscuits(米)2013 栗毛[血統][産駒]Deputy Minister系,Silver Deputy1985 鹿毛[血統][産駒],1,6,[産駒]Deputy Minister,512,13.6666666666666667
2020103941,ホウオウビスケッツ,2025/10/05,4東京2,曇,11,毎日王冠(GII),11,7,8,4.3,2,2,05203,岩田康誠,57,芝1800,良,1:44.1,0.1,1-1-1,34.8-33.7,33.8,508(-6),牡6歳,マインドユアビスケッツMind Your Biscuits(米)2013 栗毛[血統][産駒]Deputy Minister系,Silver Deputy1985 鹿毛[血統][産駒],1,6,[産駒]Deputy Minister,508,4.6666666666666667
2020103941,ホウオウビスケッツ,2025/11/02,4東京11,曇,11,天皇賞(秋)(GI),14,5,8,14.6,7,13,05203,岩田康誠,58,芝2000,良,1:59.2,0.6,2-2-2,37.1-32.9,33.5,504(-4),牡6歳,マインドユアビスケッツMind Your Biscuits(米)2013 栗毛[血統][産駒]Deputy Minister系,Silver Deputy1985 鹿毛[血統][産駒],1,6,[産駒]Deputy Minister,504,4.6666666666666667
2020103941,ホウオウビスケッツ,2022/12/10,5中山3,晴,5,2歳新馬,15,2,4,13,4,1,01140,横山和生,55,芝1600,良,1:34.9,-0.1,1-1-1,35.7-35.3,35.3,488(0),牡6歳,マインドユアビスケッツMind Your Biscuits(米)2013 栗毛[血統][産駒]Deputy Minister系,Silver Deputy1985 鹿毛[血統][産駒],1,6,[産駒]Deputy Minister,488,4.7351598173515982
2020109107,シランケド,2022/11/13,5阪神4,雨,3,2歳未勝利,14,2,2,,3,2,05243,柴山雄一,54,芝1400,良,,,,34.9-36.3,,,未知,デクラレーションオブウォー2009 鹿毛[血統][産駒]Danzig系,Danzig1977 鹿毛[血統][産駒],0,,[産駒]Danzig,,9.0000000000000000
2020109107,シランケド,2023/07/16,3中京6,晴,3,3歳未勝利,18,6,12,132.1,12,1,01124,国分恭介,54,芝1400,良,1:20.5,-0.1,16-16,33.6-35.5,34.2,500(+4),未知,デクラレーションオブウォー2009 鹿毛[血統][産駒]Danzig系,Danzig1977 鹿毛[血統][産駒],0,,[産駒]Danzig,500,5.5000000000000000
2020109107,シランケド,2023/08/19,3小倉3,晴,8,3歳以上1勝クラス,16,3,5,20.4,6,3,01124,国分恭介,53,芝1800,良,1:47.5,0.6,14-14-14-15,35.6-36.4,34.9,500(0),未知,デクラレーションオブウォー2009 鹿毛[血統][産駒]Danzig系,Danzig1977 鹿毛[血統][産駒],0,,[産駒]Danzig,500,4.0000000000000000
2020109107,シランケド,2023/09/09,4中山1,晴,11,紫苑S(GII),17,7,13,45.2,9,3,01124,国分恭介,54,芝2000,,1:58.3,0.3,11-12-13-12,35.0-36.3,35.0,502(+2),未知,デクラレーションオブウォー2009 鹿毛[血統][産駒]Danzig系,Danzig1977 鹿毛[血統][産駒],0,,[産駒]Danzig,502,2.0000000000000000
2020109107,シランケド,2024/01/20,1小倉3,雨,10,戸畑特別(1勝クラス),17,3,6,2.7,1,1,01124,国分恭介,55,芝2000,,2:01.6,-0.9,14-14-5-2,36.0-35.9,35.7,516(+14),未知,デクラレーションオブウォー2009 鹿毛[血統][産駒]Danzig系,Danzig1977 鹿毛[血統][産駒],0,,[産駒]Danzig,516,2.3333333333333333
2020109107,シランケド,2024/02/03,1小倉7,小雨,11,別府特別(2勝クラス),11,8,11,1.7,1,2,01124,国分恭介,55,芝1800,,1:49.9,0.2,9-9-6-6,37.1-36.4,34.6,512(-4),未知,デクラレーションオブウォー2009 鹿毛[血統][産駒]Danzig系,Danzig1977 鹿毛[血統][産駒],0,,[産駒]Danzig,512,2.3333333333333333
2020109107,シランケド,2024/04/14,3中山8,晴,8,野島崎特別(2勝クラス),9,7,7,1.8,1,2,05212,Ｍ．デム,56,芝2000,良,1:58.2,0.0,1-1-1-1,36.9-34.8,34.8,512(0),未知,デクラレーションオブウォー2009 鹿毛[血統][産駒]Danzig系,Danzig1977 鹿毛[血統][産駒],0,,[産駒]Danzig,512,2.0000000000000000
2020109107,シランケド,2024/07/06,2福島3,曇,10,猪苗代特別(2勝クラス),8,3,3,1.3,1,1,05212,Ｍ．デム,56,芝2000,良,1:59.4,-0.7,2-2-2-1,35.3-35.0,34.9,506(-6),未知,デクラレーションオブウォー2009 鹿毛[血統][産駒]Danzig系,Danzig1977 鹿毛[血統][産駒],0,,[産駒]Danzig,506,1.6666666666666667
2020109107,シランケド,2024/10/26,4新潟7,晴,11,魚沼S(3勝クラス),10,2,2,1.7,1,1,05212,Ｍ．デム,56,芝2000,良,1:59.5,-0.3,9-9,36.7-34.1,33.0,514(+8),未知,デクラレーションオブウォー2009 鹿毛[血統][産駒]Danzig系,Danzig1977 鹿毛[血統][産駒],0,,[産駒]Danzig,514,1.6666666666666667
2020109107,シランケド,2025/03/08,2中山3,曇,11,中山牝馬S(GIII),14,7,11,5.8,3,1,05212,Ｍ．デム,54,芝1800,良,1:47.1,0.0,8-9-7-7,36.5-35.7,34.7,506(-8),未知,デクラレーションオブウォー2009 鹿毛[血統][産駒]Danzig系,Danzig1977 鹿毛[血統][産駒],0,,[産駒]Danzig,506,1.3333333333333333
2020109107,シランケド,2025/05/18,2東京8,曇,11,ヴィクトリアマイル(GI),17,6,12,18.1,7,3,05212,Ｍ．デム,56,芝1600,良,1:32.1,0.0,15-17,33.9-35.3,33.2,508(+2),未知,デクラレーションオブウォー2009 鹿毛[血統][産駒]Danzig系,Danzig1977 鹿毛[血統][産駒],0,,[産駒]Danzig,508,1.00000000000000000000
2020109107,シランケド,2025/08/31,3新潟4,晴,11,新潟記念(GIII),16,6,12,3.4,2,1,01163,坂井瑠星,55,芝2000,良,1:58.0,-0.1,11-12,35.6-33.2,32.4,514(+6),未知,デクラレーションオブウォー2009 鹿毛[血統][産駒]Danzig系,Danzig1977 鹿毛[血統][産駒],0,,[産駒]Danzig,514,1.6666666666666667
2020109107,シランケド,2025/11/02,4東京11,曇,11,天皇賞(秋)(GI),14,7,11,10.7,6,4,01170,横山武史,56,芝2000,良,1:58.8,0.2,14-14-14,37.1-32.9,31.7,516(+2),未知,デクラレーションオブウォー2009 鹿毛[血統][産駒]Danzig系,Danzig1977 鹿毛[血統][産駒],0,,[産駒]Danzig,516,1.6666666666666667
2020109107,シランケド,2022/10/30,4新潟6,曇,5,2歳新馬,18,1,2,27.5,6,9,01164,藤田菜七,52,芝1400,,1:25.2,1.3,17-15,35.2-36.6,35.6,496(0),未知,デクラレーションオブウォー2009 鹿毛[血統][産駒]Danzig系,Danzig1977 鹿毛[血統][産駒],0,,[産駒]Danzig,496,4.7351598173515982
2021101436,エコロヴァルツ,2023/08/13,2札幌2,曇,8,コスモス賞(OP),8,1,1,2.2,1,1,00666,武豊,55,芝1800,良,1:48.8,-1.0,2-2-1-1,37.0-35.6,35.6,478(-4),牡5歳,ブラックタイド2001 黒鹿毛[血統][産駒]Halo系,Halo1969 黒鹿毛[血統][産駒],1,5,[産駒]Halo,478,1.00000000000000000000
2021101436,エコロヴァルツ,2023/12/17,5阪神6,晴,11,朝日フューチュリティ(GI),17,1,1,10,4,2,00666,武豊,56,芝1600,良,1:33.9,0.1,15-17,34.1-35.4,34.1,492(+14),牡5歳,ブラックタイド2001 黒鹿毛[血統][産駒]Halo系,Halo1969 黒鹿毛[血統][産駒],1,5,[産駒]Halo,492,1.00000000000000000000
2021101436,エコロヴァルツ,2024/02/11,1東京6,曇,11,共同通信杯(GIII),10,6,6,5.3,3,5,00666,武豊,57,芝1800,良,1:48.7,0.7,2-3-4,37.3-33.1,33.1,496(+4),牡5歳,ブラックタイド2001 黒鹿毛[血統][産駒]Halo系,Halo1969 黒鹿毛[血統][産駒],1,5,[産駒]Halo,496,1.3333333333333333
2021101436,エコロヴァルツ,2024/04/14,3中山8,晴,11,皐月賞(GI),17,2,3,40.5,11,7,00666,武豊,57,芝2000,良,1:57.8,0.7,16-16-17-16,34.2-35.8,33.9,486(-10),牡5歳,ブラックタイド2001 黒鹿毛[血統][産駒]Halo系,Halo1969 黒鹿毛[血統][産駒],1,5,[産駒]Halo,486,2.6666666666666667
2021101436,エコロヴァルツ,2024/05/26,2東京12,晴,11,東京優駿(GI),17,8,18,160,17,8,05203,岩田康誠,57,芝2400,良,2:25.2,0.9,1-1-1-2,36.3-33.8,34.7,486(0),牡5歳,ブラックタイド2001 黒鹿毛[血統][産駒]Halo系,Halo1969 黒鹿毛[血統][産駒],1,5,[産駒]Halo,486,4.6666666666666667
2021101436,エコロヴァルツ,2024/09/16,4中山5,曇,11,朝日セントライト記念(GII),14,4,6,6.8,3,3,05203,岩田康誠,57,芝2200,良,2:12.3,0.7,1-2-2-2,36.2-34.6,35.0,484(-2),牡5歳,ブラックタイド2001 黒鹿毛[血統][産駒]Halo系,Halo1969 黒鹿毛[血統][産駒],1,5,[産駒]Halo,484,6.6666666666666667
2021101436,エコロヴァルツ,2024/10/20,5京都6,晴,11,菊花賞(GI),18,7,15,68.3,12,9,05203,岩田康誠,57,芝3000,良,3:06.3,2.2,6-6-11-13,37.0-35.9,37.2,488(+4),牡5歳,ブラックタイド2001 黒鹿毛[血統][産駒]Halo系,Halo1969 黒鹿毛[血統][産駒],1,5,[産駒]Halo,488,6.0000000000000000
2021101436,エコロヴァルツ,2024/12/15,5中山6,晴,11,ディセンバーS(L),16,1,2,2.6,1,1,05626,マーカン,56,芝1800,良,1:45.2,-0.2,3-3-3-3,35.8-34.9,34.0,488(0),牡5歳,ブラックタイド2001 黒鹿毛[血統][産駒]Halo系,Halo1969 黒鹿毛[血統][産駒],1,5,[産駒]Halo,488,6.6666666666666667
2021101436,エコロヴァルツ,2025/03/02,2中山2,晴,11,中山記念(GII),16,2,4,6.9,3,2,05212,Ｍ．デム,57,芝1800,良,1:44.8,0.0,2-3-5-3,35.6-34.8,34.2,488(0),牡5歳,ブラックタイド2001 黒鹿毛[血統][産駒]Halo系,Halo1969 黒鹿毛[血統][産駒],1,5,[産駒]Halo,488,4.3333333333333333
2021101436,エコロヴァルツ,2025/04/06,2阪神4,晴,11,大阪杯(GI),15,8,14,32.3,10,4,05212,Ｍ．デム,58,芝2000,良,1:56.5,0.3,8-8-10-10,34.9-35.1,33.8,492(+4),牡5歳,ブラックタイド2001 黒鹿毛[血統][産駒]Halo系,Halo1969 黒鹿毛[血統][産駒],1,5,[産駒]Halo,492,4.0000000000000000
2021101436,エコロヴァルツ,2025/06/08,3東京2,曇,11,安田記念(GI),18,4,8,18.8,7,7,05212,Ｍ．デム,58,芝1600,良,1:33.2,0.5,8-8,35.0-34.3,34.2,492(0),牡5歳,ブラックタイド2001 黒鹿毛[血統][産駒]Halo系,Halo1969 黒鹿毛[血統][産駒],1,5,[産駒]Halo,492,2.3333333333333333
2021101436,エコロヴァルツ,2025/08/17,3中京8,晴,7,中京記念(GIII),12,6,8,3.8,2,4,01163,坂井瑠星,57,芝1600,良,1:32.5,0.2,4-4-4,35.4-33.9,33.5,486(-6),牡5歳,ブラックタイド2001 黒鹿毛[血統][産駒]Halo系,Halo1969 黒鹿毛[血統][産駒],1,5,[産駒]Halo,486,4.3333333333333333
2021101436,エコロヴァルツ,2025/11/02,4東京11,曇,11,天皇賞(秋)(GI),14,6,10,89.4,13,11,01122,三浦皇成,58,芝2000,良,1:59.2,0.6,4-3-3,37.1-32.9,33.3,494(+8),牡5歳,ブラックタイド2001 黒鹿毛[血統][産駒]Halo系,Halo1969 黒鹿毛[血統][産駒],1,5,[産駒]Halo,494,5.0000000000000000
2021101436,エコロヴァルツ,2025/11/22,3福島5,晴,11,福島記念(GIII),16,4,8,3.4,1,2,05678,プーシャ,58.5,芝2000,良,2:00.1,0.2,4-8-7-7,36.1-34.2,33.8,496(+2),牡5歳,ブラックタイド2001 黒鹿毛[血統][産駒]Halo系,Halo1969 黒鹿毛[血統][産駒],1,5,[産駒]Halo,496,7.3333333333333333
2021101436,エコロヴァルツ,2026/03/01,2中山2,晴,11,中山記念(GII),14,6,10,3.6,2,3,01170,横山武史,57,芝1800,良,1:45.4,0.3,3-3-3-3,36.3-34.4,34.2,492(-4),牡5歳,ブラックタイド2001 黒鹿毛[血統][産駒]Halo系,Halo1969 黒鹿毛[血統][産駒],1,5,[産駒]Halo,492,5.6666666666666667
2021101436,エコロヴァルツ,2026/04/05,2阪神4,晴,11,大阪杯(GI),15,5,8,45.4,7,14,01115,浜中俊,58,芝2000,良,2:00.8,3.2,8-8-9-7,34.9-35.5,37.9,496(+4),牡5歳,ブラックタイド2001 黒鹿毛[血統][産駒]Halo系,Halo1969 黒鹿毛[血統][産駒],1,5,[産駒]Halo,496,5.3333333333333333
2021101436,エコロヴァルツ,2023/07/08,2福島3,曇,5,2歳新馬,12,7,9,7.9,2,1,05212,Ｍ．デム,55,芝1800,良,1:51.3,-0.3,3-3-3-3,37.3-35.6,35.3,482(0),牡5歳,ブラックタイド2001 黒鹿毛[血統][産駒]Halo系,Halo1969 黒鹿毛[血統][産駒],1,5,[産駒]Halo,482,4.7351598173515982
2021103272,メイショウタバル,2024/05/26,2東京12,晴,11,東京優駿(GI),17,8,16,,3,6,01115,浜中俊,57,芝2400,良,,,,36.3-33.8,,,牡5歳,ゴールドシップ2009 芦毛[血統][産駒]Halo系,サンデーサイレンスSunday Silence(米)1986 青鹿毛[血統][産駒],1,5,[産駒]Halo,,6.3333333333333333
2021103272,メイショウタバル,2025/04/05,メイダン,,,ドバイターフ(GI),11,,6,19,5,5,00666,武豊,57,芝1800,良,,,,,19.0,,牡5歳,ゴールドシップ2009 芦毛[血統][産駒]Halo系,サンデーサイレンスSunday Silence(米)1986 青鹿毛[血統][産駒],1,5,[産駒]Halo,,9.3333333333333333
2021103272,メイショウタバル,2023/10/28,2京都8,晴,3,2歳未勝利,10,7,7,3.9,2,5,01199,角田大河,55,芝1800,良,1:48.3,0.4,5-5,35.6-35.1,55.0,504(+2),牡5歳,ゴールドシップ2009 芦毛[血統][産駒]Halo系,サンデーサイレンスSunday Silence(米)1986 青鹿毛[血統][産駒],1,5,[産駒]Halo,504,4.0000000000000000
2021103272,メイショウタバル,2023/12/24,5阪神8,晴,3,2歳未勝利,14,5,7,3.3,1,1,01115,浜中俊,56,芝2000,良,2:00.6,-0.2,6-7-8-6,36.0-35.3,34.7,502(-2),牡5歳,ゴールドシップ2009 芦毛[血統][産駒]Halo系,サンデーサイレンスSunday Silence(米)1986 青鹿毛[血統][産駒],1,5,[産駒]Halo,502,4.5000000000000000
2021103272,メイショウタバル,2024/01/20,1京都6,曇,9,若駒S(L),7,4,4,,3,6,01115,浜中俊,57,芝2000,重,,,,36.0-36.6,,490(-12),牡5歳,ゴールドシップ2009 芦毛[血統][産駒]Halo系,サンデーサイレンスSunday Silence(米)1986 青鹿毛[血統][産駒],1,5,[産駒]Halo,490,3.3333333333333333
2021103272,メイショウタバル,2024/02/17,2京都7,晴,9,つばき賞(1勝クラス),9,5,5,6.1,3,1,01115,浜中俊,57,芝1800,良,1:46.9,0.0,3-1,36.3-34.0,34.0,500(-2),牡5歳,ゴールドシップ2009 芦毛[血統][産駒]Halo系,サンデーサイレンスSunday Silence(米)1986 青鹿毛[血統][産駒],1,5,[産駒]Halo,500,4.0000000000000000
2021103272,メイショウタバル,2024/03/23,2阪神1,曇,11,毎日杯(GIII),10,4,4,9.4,5,1,01163,坂井瑠星,57,芝1800,重,1:46.0,-1.0,1-1,35.2-34.4,34.4,500(0),牡5歳,ゴールドシップ2009 芦毛[血統][産駒]Halo系,サンデーサイレンスSunday Silence(米)1986 青鹿毛[血統][産駒],1,5,[産駒]Halo,500,2.6666666666666667
2021103272,メイショウタバル,2024/04/14,3中山8,晴,11,皐月賞(GI),17,1,2,7,4,17,01115,浜中俊,57,芝2000,良,1:59.3,2.2,1-1-1-1,34.2-35.8,38.0,500(0),牡5歳,ゴールドシップ2009 芦毛[血統][産駒]Halo系,サンデーサイレンスSunday Silence(米)1986 青鹿毛[血統][産駒],1,5,[産駒]Halo,500,2.6666666666666667
2021103272,メイショウタバル,2024/09/22,3中京7,曇,11,神戸新聞杯(GII),14,8,15,5.4,2,1,01115,浜中俊,57,芝2200,,2:11.8,-0.1,1-1-1-1,35.4-36.0,36.0,496(-4),牡5歳,ゴールドシップ2009 芦毛[血統][産駒]Halo系,サンデーサイレンスSunday Silence(米)1986 青鹿毛[血統][産駒],1,5,[産駒]Halo,496,8.0000000000000000
2021103272,メイショウタバル,2024/10/20,5京都6,晴,11,菊花賞(GI),18,5,10,9.6,5,16,01115,浜中俊,57,芝3000,良,3:09.3,5.2,2-2-2-10,37.0-35.9,40.7,502(+6),牡5歳,ゴールドシップ2009 芦毛[血統][産駒]Halo系,サンデーサイレンスSunday Silence(米)1986 青鹿毛[血統][産駒],1,5,[産駒]Halo,502,8.0000000000000000
2021103272,メイショウタバル,2025/01/19,1中京7,晴,11,日経新春杯(GII),16,3,6,5.3,2,11,01115,浜中俊,57.5,芝2200,良,2:11.9,2.1,1-1-1-1,34.5-37.4,39.5,510(+8),牡5歳,ゴールドシップ2009 芦毛[血統][産駒]Halo系,サンデーサイレンスSunday Silence(米)1986 青鹿毛[血統][産駒],1,5,[産駒]Halo,510,7.6666666666666667
2021103272,メイショウタバル,2025/06/15,3阪神4,晴,11,宝塚記念(GI),17,6,12,11.4,7,1,00666,武豊,58,芝2200,,2:11.1,-0.5,1-1-1-1,34.8-36.0,36.0,504(0),牡5歳,ゴールドシップ2009 芦毛[血統][産駒]Halo系,サンデーサイレンスSunday Silence(米)1986 青鹿毛[血統][産駒],1,5,[産駒]Halo,504,10.6666666666666667
2021103272,メイショウタバル,2025/11/02,4東京11,曇,11,天皇賞(秋)(GI),14,8,13,8.6,5,6,00666,武豊,58,芝2000,良,1:58.8,0.2,1-1-1,37.1-32.9,33.1,508(+4),牡5歳,ゴールドシップ2009 芦毛[血統][産駒]Halo系,サンデーサイレンスSunday Silence(米)1986 青鹿毛[血統][産駒],1,5,[産駒]Halo,508,5.6666666666666667
2021103272,メイショウタバル,2025/12/28,5中山8,晴,11,有馬記念(GI),16,3,6,5.8,4,13,00666,武豊,58,芝2500,良,2:32.6,1.1,2-2-1-1,29.7-35.6,36.7,512(+4),牡5歳,ゴールドシップ2009 芦毛[血統][産駒]Halo系,サンデーサイレンスSunday Silence(米)1986 青鹿毛[血統][産駒],1,5,[産駒]Halo,512,4.0000000000000000
2021103272,メイショウタバル,2026/04/05,2阪神4,晴,11,大阪杯(GI),15,4,6,4.8,3,2,00666,武豊,58,芝2000,良,1:57.7,0.1,1-1-1-1,34.9-35.5,35.6,500(-12),牡5歳,ゴールドシップ2009 芦毛[血統][産駒]Halo系,サンデーサイレンスSunday Silence(米)1986 青鹿毛[血統][産駒],1,5,[産駒]Halo,500,6.6666666666666667
2021103272,メイショウタバル,2023/10/09,2京都3,曇,5,2歳新馬,10,5,5,5.3,3,4,01199,角田大河,55,芝2000,重,2:05.9,0.4,8-8-8-9,38.1-34.4,34.2,502(0),牡5歳,ゴールドシップ2009 芦毛[血統][産駒]Halo系,サンデーサイレンスSunday Silence(米)1986 青鹿毛[血統][産駒],1,5,[産駒]Halo,502,4.7351598173515982
2021105414,クイーンズウォーク,2023/12/23,5阪神7,晴,4,2歳未勝利,14,4,6,1.5,1,1,01088,川田将雅,55,芝1800,良,1:48.3,-0.3,5-4,35.4-34.4,33.7,520(+2),牝5歳,キズナ2010 青鹿毛[血統][産駒]Halo系,サンデーサイレンスSunday Silence(米)1986 青鹿毛[血統][産駒],2,5,[産駒]Halo,520,2.0000000000000000
2021105414,クイーンズウォーク,2024/02/10,1東京5,晴,11,デイリー杯クイーンC(GIII),13,8,13,3.1,1,1,01088,川田将雅,55,芝1600,良,1:33.1,-0.1,11-11,35.4-34.4,33.4,516(-4),牝5歳,キズナ2010 青鹿毛[血統][産駒]Halo系,サンデーサイレンスSunday Silence(米)1986 青鹿毛[血統][産駒],2,5,[産駒]Halo,516,1.5000000000000000
2021105414,クイーンズウォーク,2024/04/07,2阪神6,晴,11,桜花賞(GI),18,1,2,5.7,3,8,01088,川田将雅,55,芝1600,良,1:32.8,0.6,8-8,34.5-34.1,34.1,514(-2),牝5歳,キズナ2010 青鹿毛[血統][産駒]Halo系,サンデーサイレンスSunday Silence(米)1986 青鹿毛[血統][産駒],2,5,[産駒]Halo,514,1.3333333333333333
2021105414,クイーンズウォーク,2024/05/19,2東京10,曇,11,優駿牝馬(GI),18,1,2,11.5,5,4,01088,川田将雅,55,芝2400,良,2:24.4,0.4,5-5-5-4,34.7-35.1,34.7,522(+8),牝5歳,キズナ2010 青鹿毛[血統][産駒]Halo系,サンデーサイレンスSunday Silence(米)1986 青鹿毛[血統][産駒],2,5,[産駒]Halo,522,3.3333333333333333
2021105414,クイーンズウォーク,2024/09/15,3中京4,曇,11,関西TVローズS(GII),15,2,2,4.9,2,1,01088,川田将雅,55,芝2000,,1:59.9,-0.2,7-6-6-6,36.1-35.6,33.5,522(0),牝5歳,キズナ2010 青鹿毛[血統][産駒]Halo系,サンデーサイレンスSunday Silence(米)1986 青鹿毛[血統][産駒],2,5,[産駒]Halo,522,4.3333333333333333
2021105414,クイーンズウォーク,2024/10/13,5京都4,晴,11,秋華賞(GI),15,2,3,6.8,3,15,01088,川田将雅,55,芝2000,良,1:59.6,2.5,14-14-9-7,34.5-36.7,36.5,524(+2),牝5歳,キズナ2010 青鹿毛[血統][産駒]Halo系,サンデーサイレンスSunday Silence(米)1986 青鹿毛[血統][産駒],2,5,[産駒]Halo,524,4.3333333333333333
2021105414,クイーンズウォーク,2025/01/25,1小倉1,晴,11,小倉牝馬S(GIII),18,5,9,3.5,1,6,01088,川田将雅,55.5,芝2000,良,1:58.7,0.3,6-6-4-2,33.9-36.3,36.2,534(+10),牝5歳,キズナ2010 青鹿毛[血統][産駒]Halo系,サンデーサイレンスSunday Silence(米)1986 青鹿毛[血統][産駒],2,5,[産駒]Halo,534,6.6666666666666667
2021105414,クイーンズウォーク,2025/08/31,3新潟4,晴,11,新潟記念(GIII),16,3,6,,3,4,01088,川田将雅,57,芝2000,良,,,,35.6-33.2,,540(+4),牝5歳,キズナ2010 青鹿毛[血統][産駒]Halo系,サンデーサイレンスSunday Silence(米)1986 青鹿毛[血統][産駒],2,5,[産駒]Halo,540,3.0000000000000000
2021105414,クイーンズウォーク,2025/11/02,4東京11,曇,11,天皇賞(秋)(GI),14,8,14,25.1,9,9,01088,川田将雅,56,芝2000,良,1:59.0,0.4,7-6-6,37.1-32.9,32.8,542(+6),牝5歳,キズナ2010 青鹿毛[血統][産駒]Halo系,サンデーサイレンスSunday Silence(米)1986 青鹿毛[血統][産駒],2,5,[産駒]Halo,542,2.3333333333333333
2021105414,クイーンズウォーク,2026/03/15,1中京2,晴,11,東海テレビ杯金鯱賞(GII),14,7,12,3.6,1,3,01088,川田将雅,56,芝2000,良,1:58.2,0.1,5-5-6-6,36.1-35.1,34.1,542(0),牝5歳,キズナ2010 青鹿毛[血統][産駒]Halo系,サンデーサイレンスSunday Silence(米)1986 青鹿毛[血統][産駒],2,5,[産駒]Halo,542,5.0000000000000000
2021105414,クイーンズウォーク,2025/03/16,2中京2,小雨,11,東海テレビ杯金鯱賞(GII),10,6,6,8.2,4,1,01088,川田将雅,55,芝2000,重,2:01.3,0.0,3-3-3-3,35.7-38.6,36.3,534(0),牝5歳,キズナ2010 青鹿毛[血統][産駒]Halo系,サンデーサイレンスSunday Silence(米)1986 青鹿毛[血統][産駒],2,5,[産駒]Halo,534,7.3333333333333333
2021105414,クイーンズウォーク,2025/05/18,2東京8,曇,11,ヴィクトリアマイル(GI),17,8,16,8.5,4,2,01088,川田将雅,56,芝1600,良,1:32.1,0.0,13-12,33.9-35.3,33.6,536(+2),牝5歳,キズナ2010 青鹿毛[血統][産駒]Halo系,サンデーサイレンスSunday Silence(米)1986 青鹿毛[血統][産駒],2,5,[産駒]Halo,536,7.3333333333333333
2021105414,クイーンズウォーク,2023/11/11,3京都3,晴,5,2歳新馬,11,8,11,1.7,1,2,01088,川田将雅,55,芝1800,,1:50.5,0.1,4-2,36.9-33.9,33.6,518(0),牝5歳,キズナ2010 青鹿毛[血統][産駒]Halo系,サンデーサイレンスSunday Silence(米)1986 青鹿毛[血統][産駒],2,5,[産駒]Halo,518,4.7351598173515982
2021105436,アーバンシック,2023/11/05,5東京2,晴,9,百日草特別(1勝クラス),9,4,4,4.1,3,1,01170,横山武史,56,芝2000,良,1:59.4,-0.1,9-7-7,36.4-34.5,33.2,512(0),牡5歳,スワーヴリチャード2014 栗毛[血統][産駒]Halo系,サンデーサイレンスSunday Silence(米)1986 青鹿毛[血統][産駒],1,5,[産駒]Halo,512,1.00000000000000000000
2021105436,アーバンシック,2024/01/14,1中山5,晴,11,京成杯(GIII),14,4,6,3,2,2,01170,横山武史,57,芝2000,良,2:00.6,0.1,12-11-8-10,35.6-34.8,33.9,516(+4),牡5歳,スワーヴリチャード2014 栗毛[血統][産駒]Halo系,サンデーサイレンスSunday Silence(米)1986 青鹿毛[血統][産駒],1,5,[産駒]Halo,516,1.00000000000000000000
2021105436,アーバンシック,2024/04/14,3中山8,晴,11,皐月賞(GI),17,5,9,14.2,6,4,01170,横山武史,57,芝2000,良,1:57.5,0.4,13-13-13-10,34.2-35.8,34.1,510(-6),牡5歳,スワーヴリチャード2014 栗毛[血統][産駒]Halo系,サンデーサイレンスSunday Silence(米)1986 青鹿毛[血統][産駒],1,5,[産駒]Halo,510,1.3333333333333333
2021105436,アーバンシック,2024/05/26,2東京12,晴,11,東京優駿(GI),17,4,8,8.3,4,11,01170,横山武史,57,芝2400,良,2:25.4,1.1,14-13-14-15,36.3-33.8,33.5,512(+2),牡5歳,スワーヴリチャード2014 栗毛[血統][産駒]Halo系,サンデーサイレンスSunday Silence(米)1986 青鹿毛[血統][産駒],1,5,[産駒]Halo,512,2.3333333333333333
2021105436,アーバンシック,2024/09/16,4中山5,曇,11,朝日セントライト記念(GII),14,1,1,3.1,2,1,05339,ルメール,57,芝2200,良,2:11.6,-0.3,9-6-5-7,36.2-34.6,34.0,510(-2),牡5歳,スワーヴリチャード2014 栗毛[血統][産駒]Halo系,サンデーサイレンスSunday Silence(米)1986 青鹿毛[血統][産駒],1,5,[産駒]Halo,510,5.6666666666666667
2021105436,アーバンシック,2024/10/20,5京都6,晴,11,菊花賞(GI),18,7,13,3.7,2,1,05339,ルメール,57,芝3000,良,3:04.1,-0.4,8-8-5-3,37.0-35.9,35.6,510(0),牡5歳,スワーヴリチャード2014 栗毛[血統][産駒]Halo系,サンデーサイレンスSunday Silence(米)1986 青鹿毛[血統][産駒],1,5,[産駒]Halo,510,5.3333333333333333
2021105436,アーバンシック,2024/12/22,5中山8,晴,11,有馬記念(GI),15,2,3,2.8,1,6,05339,ルメール,56,芝2500,良,2:32.3,0.5,7-8-11-8,31.4-35.2,35.1,516(+6),牡5歳,スワーヴリチャード2014 栗毛[血統][産駒]Halo系,サンデーサイレンスSunday Silence(米)1986 青鹿毛[血統][産駒],1,5,[産駒]Halo,516,4.3333333333333333
2021105436,アーバンシック,2025/03/29,3中山1,曇,11,日経賞(GII),15,4,7,1.7,1,3,05339,ルメール,58,芝2500,,2:36.2,0.1,9-10-8-7,31.1-37.2,36.6,514(-2),牡5歳,スワーヴリチャード2014 栗毛[血統][産駒]Halo系,サンデーサイレンスSunday Silence(米)1986 青鹿毛[血統][産駒],1,5,[産駒]Halo,514,2.6666666666666667
2021105436,アーバンシック,2025/06/15,3阪神4,晴,11,宝塚記念(GI),17,7,13,10.6,6,14,05339,ルメール,58,芝2200,,2:13.5,2.4,14-14-12-10,34.8-36.0,37.3,512(-2),牡5歳,スワーヴリチャード2014 栗毛[血統][産駒]Halo系,サンデーサイレンスSunday Silence(米)1986 青鹿毛[血統][産駒],1,5,[産駒]Halo,512,3.3333333333333333
2021105436,アーバンシック,2025/11/02,4東京11,曇,11,天皇賞(秋)(GI),14,2,2,28.2,11,5,05678,プーシャ,58,芝2000,良,1:58.8,0.2,12-11-11,37.1-32.9,32.2,514(+2),牡5歳,スワーヴリチャード2014 栗毛[血統][産駒]Halo系,サンデーサイレンスSunday Silence(米)1986 青鹿毛[血統][産駒],1,5,[産駒]Halo,514,7.6666666666666667
2021105436,アーバンシック,2025/12/14,シャティン,,4,香港ヴァーズ(GI),11,,6,3.8,2,10,05339,ルメール,57,芝2400,良,,,,,,517,牡5歳,スワーヴリチャード2014 栗毛[血統][産駒]Halo系,サンデーサイレンスSunday Silence(米)1986 青鹿毛[血統][産駒],1,5,[産駒]Halo,517,7.3333333333333333
2021105436,アーバンシック,2026/03/15,1中京2,晴,11,東海テレビ杯金鯱賞(GII),14,3,4,11.9,7,14,01122,三浦皇成,58,芝2000,良,1:59.1,1.0,9-10-8-8,36.1-35.1,34.7,522(+5),牡5歳,スワーヴリチャード2014 栗毛[血統][産駒]Halo系,サンデーサイレンスSunday Silence(米)1986 青鹿毛[血統][産駒],1,5,[産駒]Halo,522,9.6666666666666667
2021105436,アーバンシック,2023/08/13,2札幌2,曇,5,2歳新馬,10,6,6,2.3,1,1,01170,横山武史,55,芝1800,良,1:53.1,0.0,4-5-4-4,39.0-34.5,34.2,512(0),牡5歳,スワーヴリチャード2014 栗毛[血統][産駒]Halo系,サンデーサイレンスSunday Silence(米)1986 青鹿毛[血統][産駒],1,5,[産駒]Halo,512,4.7351598173515982
2021106787,コスモキュランダ,2023/09/10,4中山2,晴,2,2歳未勝利,10,7,8,60.1,8,4,01091,丹内祐次,55,芝2000,良,2:01.5,0.9,1-1-1-1,36.4-35.1,83.0,498(+12),牡5歳,アルアイン2014 鹿毛[血統][産駒]Halo系,サンデーサイレンスSunday Silence(米)1986 青鹿毛[血統][産駒],1,5,[産駒]Halo,498,12.0000000000000000
2021106787,コスモキュランダ,2023/09/30,4中山8,曇,4,2歳未勝利,14,5,7,17.5,6,2,01091,丹内祐次,55,芝2000,良,2:03.5,0.1,3-2-2-2,37.3-35.3,35.2,492(-6),牡5歳,アルアイン2014 鹿毛[血統][産駒]Halo系,サンデーサイレンスSunday Silence(米)1986 青鹿毛[血統][産駒],1,5,[産駒]Halo,492,8.0000000000000000
2021106787,コスモキュランダ,2023/10/29,4新潟6,小雨,1,2歳未勝利,15,7,12,3.1,1,1,01091,丹内祐次,56,芝2000,重,2:03.8,-0.4,2-2-2-2,37.2-36.4,36.2,494(+2),牡5歳,アルアイン2014 鹿毛[血統][産駒]Halo系,サンデーサイレンスSunday Silence(米)1986 青鹿毛[血統][産駒],1,5,[産駒]Halo,494,6.0000000000000000
2021106787,コスモキュランダ,2023/11/25,3京都7,晴,11,ラジオN杯京都2歳S(GIII),14,7,11,194.3,14,8,01199,角田大河,56,芝2000,良,2:00.4,0.6,13-12-7-10,35.0-35.9,35.9,502(+8),牡5歳,アルアイン2014 鹿毛[血統][産駒]Halo系,サンデーサイレンスSunday Silence(米)1986 青鹿毛[血統][産駒],1,5,[産駒]Halo,502,2.3333333333333333
2021106787,コスモキュランダ,2024/01/08,1中山3,晴,6,3歳1勝クラス,11,4,4,6.8,5,2,01091,丹内祐次,57,芝2000,良,1:59.9,0.1,10-10-10-9,35.9-35.7,34.9,498(-4),牡5歳,アルアイン2014 鹿毛[血統][産駒]Halo系,サンデーサイレンスSunday Silence(米)1986 青鹿毛[血統][産駒],1,5,[産駒]Halo,498,3.6666666666666667
2021106787,コスモキュランダ,2024/03/03,2中山4,晴,11,報知弥生ディープ記念(GII),11,6,7,34.9,6,1,05212,Ｍ．デム,57,芝2000,良,1:59.8,-0.2,9-7-2-2,35.2-35.1,34.9,504(+6),牡5歳,アルアイン2014 鹿毛[血統][産駒]Halo系,サンデーサイレンスSunday Silence(米)1986 青鹿毛[血統][産駒],1,5,[産駒]Halo,504,3.6666666666666667
2021106787,コスモキュランダ,2024/04/14,3中山8,晴,11,皐月賞(GI),17,6,12,15.8,7,2,05509,モレイラ,57,芝2000,良,1:57.1,0.0,9-8-9-8,34.2-35.8,34.2,500(-4),牡5歳,アルアイン2014 鹿毛[血統][産駒]Halo系,サンデーサイレンスSunday Silence(米)1986 青鹿毛[血統][産駒],1,5,[産駒]Halo,500,3.6666666666666667
2021106787,コスモキュランダ,2024/05/26,2東京12,晴,11,東京優駿(GI),17,3,6,14.3,6,6,05212,Ｍ．デム,57,芝2400,良,2:25.1,0.8,16-13-5-4,36.3-33.8,34.3,502(+2),牡5歳,アルアイン2014 鹿毛[血統][産駒]Halo系,サンデーサイレンスSunday Silence(米)1986 青鹿毛[血統][産駒],1,5,[産駒]Halo,502,1.6666666666666667
2021106787,コスモキュランダ,2024/09/16,4中山5,曇,11,朝日セントライト記念(GII),14,5,8,2.9,1,2,05212,Ｍ．デム,57,芝2200,良,2:11.9,0.3,9-10-7-3,36.2-34.6,34.2,504(+2),牡5歳,アルアイン2014 鹿毛[血統][産駒]Halo系,サンデーサイレンスSunday Silence(米)1986 青鹿毛[血統][産駒],1,5,[産駒]Halo,504,3.0000000000000000
2021106787,コスモキュランダ,2024/10/20,5京都6,晴,11,菊花賞(GI),18,5,9,6,3,14,05212,Ｍ．デム,57,芝3000,良,3:08.4,4.3,16-16-11-6,37.0-35.9,39.4,512(+8),牡5歳,アルアイン2014 鹿毛[血統][産駒]Halo系,サンデーサイレンスSunday Silence(米)1986 青鹿毛[血統][産駒],1,5,[産駒]Halo,512,3.3333333333333333
2021106787,コスモキュランダ,2024/12/07,4中京3,曇,11,中日新聞杯(GIII),18,5,9,4.5,2,6,01170,横山武史,58,芝2000,良,1:59.1,0.7,14-13-5-5,35.3-35.6,35.6,504(-8),牡5歳,アルアイン2014 鹿毛[血統][産駒]Halo系,サンデーサイレンスSunday Silence(米)1986 青鹿毛[血統][産駒],1,5,[産駒]Halo,504,7.3333333333333333
2021106787,コスモキュランダ,2025/01/26,1中山9,晴,11,アメリカジョッキーC(GII),18,7,13,7.4,3,3,01170,横山武史,57,芝2200,良,2:12.2,0.1,14-13-3-2,36.5-36.6,36.4,510(+6),牡5歳,アルアイン2014 鹿毛[血統][産駒]Halo系,サンデーサイレンスSunday Silence(米)1986 青鹿毛[血統][産駒],1,5,[産駒]Halo,510,7.3333333333333333
2021106787,コスモキュランダ,2025/04/06,2阪神4,晴,11,大阪杯(GI),15,5,9,20.1,9,8,01091,丹内祐次,58,芝2000,良,1:56.8,0.6,5-6-5-5,34.9-35.1,34.6,504(-6),牡5歳,アルアイン2014 鹿毛[血統][産駒]Halo系,サンデーサイレンスSunday Silence(米)1986 青鹿毛[血統][産駒],1,5,[産駒]Halo,504,7.6666666666666667
2021106787,コスモキュランダ,2025/08/17,1札幌8,曇,11,札幌記念(GII),16,2,4,10.7,6,10,01091,丹内祐次,58,芝2000,,2:02.6,1.1,12-13-13-13,36.1-36.9,36.1,498(-6),牡5歳,アルアイン2014 鹿毛[血統][産駒]Halo系,サンデーサイレンスSunday Silence(米)1986 青鹿毛[血統][産駒],1,5,[産駒]Halo,498,5.6666666666666667
2021106787,コスモキュランダ,2025/09/21,4中山7,曇,11,産経賞オールカマー(GII),11,1,1,8.1,5,8,01091,丹内祐次,57,芝2200,良,2:11.0,0.8,5-5-2-2,35.1-34.5,35.2,502(+4),牡5歳,アルアイン2014 鹿毛[血統][産駒]Halo系,サンデーサイレンスSunday Silence(米)1986 青鹿毛[血統][産駒],1,5,[産駒]Halo,502,7.0000000000000000
2021106787,コスモキュランダ,2025/11/02,4東京11,曇,11,天皇賞(秋)(GI),14,1,1,117,14,12,01092,津村明秀,58,芝2000,良,1:59.2,0.6,2-3-3,37.1-32.9,33.3,520(+18),牡5歳,アルアイン2014 鹿毛[血統][産駒]Halo系,サンデーサイレンスSunday Silence(米)1986 青鹿毛[血統][産駒],1,5,[産駒]Halo,520,8.6666666666666667
2021106787,コスモキュランダ,2025/11/30,5東京8,晴,12,ジャパンC(GI),17,2,3,349.3,16,9,01091,丹内祐次,58,芝2400,良,2:21.9,1.6,6-6-4-3,34.5-34.6,35.6,522(+2),牡5歳,アルアイン2014 鹿毛[血統][産駒]Halo系,サンデーサイレンスSunday Silence(米)1986 青鹿毛[血統][産駒],1,5,[産駒]Halo,522,10.0000000000000000
2021106787,コスモキュランダ,2025/12/28,5中山8,晴,11,有馬記念(GI),16,5,10,111.5,12,2,01170,横山武史,58,芝2500,良,2:31.6,0.1,2-3-2-2,29.7-35.6,35.5,522(0),牡5歳,アルアイン2014 鹿毛[血統][産駒]Halo系,サンデーサイレンスSunday Silence(米)1986 青鹿毛[血統][産駒],1,5,[産駒]Halo,522,9.6666666666666667
2021106787,コスモキュランダ,2026/03/28,3中山1,晴,11,日経賞(GII),15,4,7,2.8,1,7,01170,横山武史,57,芝2500,良,2:31.7,1.0,4-3-3-3,29.4-36.0,36.7,520(-2),牡5歳,アルアイン2014 鹿毛[血統][産駒]Halo系,サンデーサイレンスSunday Silence(米)1986 青鹿毛[血統][産駒],1,5,[産駒]Halo,520,7.6666666666666667
2021106787,コスモキュランダ,2023/06/10,3東京3,曇,5,2歳新馬,12,3,3,19.6,5,12,05386,戸崎圭太,55,芝1600,良,1:39.4,4.6,12-12,35.9-34.7,36.4,486(0),牡5歳,アルアイン2014 鹿毛[血統][産駒]Halo系,サンデーサイレンスSunday Silence(米)1986 青鹿毛[血統][産駒],1,5,[産駒]Halo,486,4.7351598173515982
2022105081,ミュージアムマイル,2024/11/10,6京都4,晴,9,黄菊賞(1勝クラス),8,2,2,1.9,1,1,05473,Ｃ．デム,56,芝2000,良,2:00.0,-0.5,6-6-6-3,36.9-34.1,33.7,496(0),牡4歳,リオンディーズ2013 黒鹿毛[血統][産駒]Mr. Prospector系,Kingmambo(米)1990 鹿毛[血統][産駒],1,4,[産駒]Mr. Prospector,496,2.0000000000000000
2022105081,ミュージアムマイル,2024/12/15,7京都6,晴,11,朝日フューチュリティ(GI),16,2,4,3.7,2,2,05473,Ｃ．デム,56,芝1600,良,1:34.5,0.4,3-4,35.4-33.7,33.8,494(-2),牡4歳,リオンディーズ2013 黒鹿毛[血統][産駒]Mr. Prospector系,Kingmambo(米)1990 鹿毛[血統][産駒],1,4,[産駒]Mr. Prospector,494,1.6666666666666667
2022105081,ミュージアムマイル,2025/03/09,2中山4,晴,11,報知弥生ディープ記念(GII),14,7,11,2.9,1,4,00732,幸英明,57,芝2000,,2:01.5,0.2,9-9-9-4,35.9-37.2,36.5,502(+8),牡4歳,リオンディーズ2013 黒鹿毛[血統][産駒]Mr. Prospector系,Kingmambo(米)1990 鹿毛[血統][産駒],1,4,[産駒]Mr. Prospector,502,1.3333333333333333
2022105081,ミュージアムマイル,2025/04/20,3中山8,曇,11,皐月賞(GI),18,6,11,10.6,3,1,05509,モレイラ,57,芝2000,良,1:57.0,-0.3,8-8-8-10,34.5-34.8,34.1,500(-2),牡4歳,リオンディーズ2013 黒鹿毛[血統][産駒]Mr. Prospector系,Kingmambo(米)1990 鹿毛[血統][産駒],1,4,[産駒]Mr. Prospector,500,2.3333333333333333
2022105081,ミュージアムマイル,2025/06/01,2東京12,晴,11,東京優駿(GI),18,4,7,5.7,2,6,05585,レーン,57,芝2400,良,2:24.4,0.7,11-11-11-10,35.7-34.8,34.1,496(-4),牡4歳,リオンディーズ2013 黒鹿毛[血統][産駒]Mr. Prospector系,Kingmambo(米)1990 鹿毛[血統][産駒],1,4,[産駒]Mr. Prospector,496,2.3333333333333333
2022105081,ミュージアムマイル,2025/09/15,4中山5,曇,11,朝日セントライト記念(GII),12,5,6,2.6,1,1,05386,戸崎圭太,57,芝2200,良,2:10.8,-0.1,8-8-6-6,35.6-34.9,34.4,500(+4),牡4歳,リオンディーズ2013 黒鹿毛[血統][産駒]Mr. Prospector系,Kingmambo(米)1990 鹿毛[血統][産駒],1,4,[産駒]Mr. Prospector,500,3.6666666666666667
2022105081,ミュージアムマイル,2025/11/02,4東京11,曇,11,天皇賞(秋)(GI),14,6,9,7.4,3,2,05473,Ｃ．デム,56,芝2000,良,1:58.7,0.1,9-9-9,37.1-32.9,32.3,500(0),牡4歳,リオンディーズ2013 黒鹿毛[血統][産駒]Mr. Prospector系,Kingmambo(米)1990 鹿毛[血統][産駒],1,4,[産駒]Mr. Prospector,500,2.6666666666666667
2022105081,ミュージアムマイル,2025/12/28,5中山8,晴,11,有馬記念(GI),16,2,4,3.8,3,1,05473,Ｃ．デム,56,芝2500,良,2:31.5,-0.1,11-11-11-11,29.7-35.6,34.6,502(+2),牡4歳,リオンディーズ2013 黒鹿毛[血統][産駒]Mr. Prospector系,Kingmambo(米)1990 鹿毛[血統][産駒],1,4,[産駒]Mr. Prospector,502,3.0000000000000000
2022105081,ミュージアムマイル,2024/10/05,5京都1,晴,3,2歳未勝利,8,4,4,1.9,1,1,00732,幸英明,56,芝1800,良,1:46.8,-0.2,3-3,36.2-34.6,34.2,496(-4),牡4歳,リオンディーズ2013 黒鹿毛[血統][産駒]Mr. Prospector系,Kingmambo(米)1990 鹿毛[血統][産駒],1,4,[産駒]Mr. Prospector,496,3.0000000000000000
2022105081,ミュージアムマイル,2024/08/24,2中京5,晴,5,2歳新馬,16,1,1,5.4,4,3,00732,幸英明,55,芝1600,良,1:35.5,0.4,15-12-10,36.4-34.5,34.1,500(0),牡4歳,リオンディーズ2013 黒鹿毛[血統][産駒]Mr. Prospector系,Kingmambo(米)1990 鹿毛[血統][産駒],1,4,[産駒]Mr. Prospector,500,4.7351598173515982
2022105519,マスカレードボール,2024/10/19,4東京5,晴,9,アイビーS(L),8,6,6,4.9,3,1,05386,戸崎圭太,56,芝1800,良,1:45.8,-0.2,3-3-3,35.7-34.3,33.4,472(+12),牡4歳,ドゥラメンテ2012 鹿毛[血統][産駒]Mr. Prospector系,Kingmambo(米)1990 鹿毛[血統][産駒],1,4,[産駒]Mr. Prospector,472,1.00000000000000000000
2022105519,マスカレードボール,2024/12/28,5中山9,晴,11,ホープフルS(GI),18,8,18,9.9,4,11,05386,戸崎圭太,56,芝2000,良,2:01.7,1.2,14-14-12-10,36.0-35.5,35.5,472(0),牡4歳,ドゥラメンテ2012 鹿毛[血統][産駒]Mr. Prospector系,Kingmambo(米)1990 鹿毛[血統][産駒],1,4,[産駒]Mr. Prospector,472,1.00000000000000000000
2022105519,マスカレードボール,2025/02/16,1東京6,曇,11,共同通信杯(GIII),9,2,2,3.8,1,1,01163,坂井瑠星,57,芝1800,良,1:46.0,-0.1,2-3-3,36.4-34.2,33.7,464(-8),牡4歳,ドゥラメンテ2012 鹿毛[血統][産駒]Mr. Prospector系,Kingmambo(米)1990 鹿毛[血統][産駒],1,4,[産駒]Mr. Prospector,464,4.3333333333333333
2022105519,マスカレードボール,2025/04/20,3中山8,曇,11,皐月賞(GI),18,3,6,13.7,4,3,01170,横山武史,57,芝2000,良,1:57.3,0.3,11-10-14-13,34.5-34.8,33.9,460(-4),牡4歳,ドゥラメンテ2012 鹿毛[血統][産駒]Mr. Prospector系,Kingmambo(米)1990 鹿毛[血統][産駒],1,4,[産駒]Mr. Prospector,460,4.3333333333333333
2022105519,マスカレードボール,2025/06/01,2東京12,晴,11,東京優駿(GI),18,8,17,6.8,3,2,01163,坂井瑠星,57,芝2400,良,2:23.8,0.1,8-8-7-7,35.7-34.8,33.7,466(+6),牡4歳,ドゥラメンテ2012 鹿毛[血統][産駒]Mr. Prospector系,Kingmambo(米)1990 鹿毛[血統][産駒],1,4,[産駒]Mr. Prospector,466,5.0000000000000000
2022105519,マスカレードボール,2025/11/02,4東京11,曇,11,天皇賞(秋)(GI),14,5,7,2.7,1,1,05339,ルメール,56,芝2000,良,1:58.6,-0.1,9-6-8,37.1-32.9,32.3,470(+4),牡4歳,ドゥラメンテ2012 鹿毛[血統][産駒]Mr. Prospector系,Kingmambo(米)1990 鹿毛[血統][産駒],1,4,[産駒]Mr. Prospector,470,2.0000000000000000
2022105519,マスカレードボール,2025/11/30,5東京8,晴,12,ジャパンC(GI),17,7,15,2.5,1,2,05339,ルメール,56,芝2400,良,2:20.3,0.0,10-8-9-9,34.5-34.6,33.4,470(0),牡4歳,ドゥラメンテ2012 鹿毛[血統][産駒]Mr. Prospector系,Kingmambo(米)1990 鹿毛[血統][産駒],1,4,[産駒]Mr. Prospector,470,2.0000000000000000
2022105519,マスカレードボール,2026/04/26,シャティン,晴,9,QE2世C(GI),,,1,3.5,2,2,05339,ルメール,57,芝2000,良,,,,,,474,牡4歳,ドゥラメンテ2012 鹿毛[血統][産駒]Mr. Prospector系,Kingmambo(米)1990 鹿毛[血統][産駒],1,4,[産駒]Mr. Prospector,474,1.6666666666666667
2022105519,マスカレードボール,2024/08/11,3新潟2,晴,5,2歳新馬,13,5,7,1.6,1,1,05386,戸崎圭太,55,芝1600,良,1:35.8,-0.1,10-10,35.3-35.1,34.4,460(0),牡4歳,ドゥラメンテ2012 鹿毛[血統][産駒]Mr. Prospector系,Kingmambo(米)1990 鹿毛[血統][産駒],1,4,[産駒]Mr. Prospector,460,4.7351598173515982